manchu_word,trans_word,desc_word,dic_id,image_file_name,image_file_page_no
ᠣ,o,〔名〕①胳肢窝。②硪。〔感〕①噢、喔（表示了解、领悟）。②噢（吆喝牲畜声）。,6,165,165a
ᠣ ᠠ ᠰᡝᠮᡝ,o a seme,婴儿刚学话声。,6,165,165a
ᠣ ᠮᠠᠶᠠᠨ,o mayan,胳肢窝。,6,165,165a
ᠣ ᡧᠣ ᠰᡝᠮᡝ,o So seme,经意爱惜、疼爱（之貌）。,6,165,165a
ᠣ ᡶᠣᡵᡳᠮᠪᡳ,o forimbi,行硪： emu mudan o forimbi 行硪一遍。,6,165,165a
ᠣᠣᠮᡝ,oome,"与 ome 同用： beye be tob oome muterak@ oci, niyalma be adarame tob obumbi 不能正身，如何正人。",6,166,166c
ᠣᠣᠯᠠ,oola,〔名〕①鄂拉，蒙古语，义为山。②躲避，败。,6,166,166c
ᠣᠣᠯᠠᠮᠪᡳ,oolambi,〔不及〕躲避。,6,166,166c
ᠣᠣᠯᠠᠮᡝ ᡤᡝᠨᡝᡵᠠᡴᡡ,oolame generak@,不去躲避。,6,166,166c
ᠣᠣᠴᠠ,ooca,〔名〕<动>鰢[!]口鱼。,6,166,166c
ᠣᠣᡥᠠ,ooha,〔名〕<动>鳜，又作桂鱼，花鯚鱼。,6,166,166c
ᠣᠣᡵᡳ,oori,〔名〕①精，精液。②精神。,6,166,166c
ᠣᠣᡵᡳ ᠰᡠᡴᡩᡠᠨ,oori sukdun,精气，精神。,6,167,167a
ᠣᠣᡵᡳ ᠰᡠᡴᡩᡠᠨ ᠪᡝ ᡶᠠᡶᡠᡵᡧᠠᠮᡝ ᠶᡝᠨᡩᡝᠪᡠᠮᠪᡳ,oori sukdun be fafurSame yendebumbi,振奋精神。,6,167,167a
ᠣᠣᡵᡳ ᠰᡳᠮᡝᠨ,oori simen,①精液。②引申为精神。,6,167,167a
ᠣᠣᡵᡳ ᠰᡳᠮᡝᠨ ᠪᡝ ᠠᠴᠠᠪᡠᠮᡝ ᡳᠰᠠᠪᡠᠮᠪᡳ,oori simen be acabume isabumbi,聚精会神。,6,167,167a
ᠣᠣᡵᡳ ᠰᡳᠮᡝᠨ ᠪᡝ ᠠᡴᡩᡠᠯᠠᠮᡝ ᡴᠠᡵᠮᠠᠮᠪᡳ,oori simen be akdulame karmambi,保固精神。,6,167,167a
ᠣᠣᡵᡳ ᠰᡳᠮᡝᠨ ᠪᡝ ᡥᠠᡳᡵᠠᠮᡝ ᡠᠵᡳᠮᠪᡳ,oori simen be hairame ujimbi,颐爱精神。,6,167,167a
ᠣᠣᡵᡳ ᠰᡳᠮᡝᠨ ᠪᡝ ᡳᠰᠠᠪᡠᡶᡳ ᡤᡡᠨᡳᠨ ᡤᡳᡵᡴᡡᠮᡝ ᠰᡳᡨᡥᡡᠮᠪᡳ,oori simen be isabufi g@nin girk@me sith@mbi,= oori simen be acabume isabumbi,6,167,167a
ᠣᠣᡵᡳ ᠰᡳᠮᡝᠨ ᠪᡝ ᡶᠠᡶᡠᡵᡧᠠᠮᡝ ᠶᡝᠨᡩᡝᠪᡠᠮᠪᡳ,oori simen be fafurSame yendebumbi,振刷精神。,6,167,167a
ᠣᠣᡵᡳ ᠰᡳᠮᡝᠨ ᡝᠪᡝᡵᡝᠮᡝ ᠸᠠᠰᡳᡴᠠ,oori simen ebereme wasika,精神委顿。,6,167,167a
ᠣᠣᡵᡳ ᠰᡳᠮᡝᠨ ᡠᠪᡠᡳ ᡶᡠᠯᡠ ᠶᡝᠨᡩᡝᠮᠪᡳ,oori simen ubui fulu yendembi,精神倍振。,6,167,167a
ᠣᠣᡵᡳ ᠰᡳᠮᡝᠨ ᡤᡝᡵᡳ ᡶᠠᡵᠰᡳ,oori simen geri farsi,精神恍惚。,6,167,167a
ᠣᠣᡵᡳ ᠰᡳᠮᡝᠨ ᡤᡡᠨᡳᠨ ᠠᡵᠪᡠᠨ,oori simen g@nin arbun,精神意志。,6,167,167a
ᠣᠣᡵᡳ ᠰᡳᠮᡝᠨ ᡩᠠ ᠠᠨ ᡳ ᠣᠮᠪᡳ,oori simen da an i ombi,精神复旧。,6,167,167a
ᠣᠣᡵᡳ ᠰᡳᠮᡝᠨ ᡴᠠᡨᡠᠨ ᡤᡠᡳᡤᡠ,oori simen katun guigu,精神强健。,6,167,167a
ᠣᠣᡵᡳ ᡥᡡᠰᡠᠨ,oori h@sun,精神，精力。,6,166,166c
ᠣᠣᡵᡳ ᡥᡡᠰᡠᠨ ᡝᠪᡝᡵᡝᠮᡝ ᠸᠠᠰᡳᡴᠠ,oori h@sun ebereme wasika,精力衰迈。,6,166,166c
ᠣᠣᡵᡳ ᡥᡡᠰᡠᠨ ᡠᠯᡥᡳᠶᡝᠨ ᡳ ᡝᠪᡝᡵᡝᡴᡝ,oori h@sun ulhiyen i ebereke,精力渐衰。,6,166,166c
ᠣᠣᡵᡳ ᡨᡠᡵᡳᠪᡠᠮᠪᡳ,oori turibumbi,遗精。,6,167,167a
ᠣᠨ,on,〔名〕途程，路程： jug@n on 路程。,6,167,167b
ᠣᠨ ᠠᠨᠠᠮᡝ,on aname,沿途。,6,167,167b
ᠣᠨ ᠪᡝ ᠪᠣᡩᠣᠮᡝ ᠮᡝᡳᡨᡝᠮᡝ ᡨᡝᠪᡠᠮᠪᡳ,on be bodome meiteme tebumbi,按程划扣。,6,167,167b
ᠣᠨ ᠪᡝ ᠪᠣᡩᠣᠮᡝ ᡨᡝᠪᡠᠮᡝ ᡝᡴᡳᠶᡝᠮᠪᡠᠮᠪᡳ,on be bodome tebume ekiyembumbi,按程扣减。,6,167,167b
ᠣᠨ ᡤᠠᡳᠮᠪᡳ,on gaimbi,并程，兼程，倍道。,6,167,167b
ᠣᠨ ᡤᠠᡳᠮᡝ ᠶᠠᠪᡠᠮᠪᡳ,on gaime yabumbi,兼程。,6,167,167b
ᠣᠨ ᡤᠠᡳᠮᡝ ᡥᠠᠴᡳᡥᡳᠶᠠᠮᡝ ᠶᠠᠪᡠᠮᠪᡳ,on gaime hacihiyame yabumbi,倍道兼行。,6,167,167b
ᠣᠨ ᡨᡝᠮᡧᡝᠮᠪᡳ,on temSembi,= on gaime yabumbi,6,167,167b
ᠣᠨ ᡩᠣᠰᠣᠮᠪᡳ,on dosombi,耐远，指马畜结实，耐走远路。,6,167,167b
ᠣᠨ ᡴᠠᠮᠴᡳᠮᠪᡳ,on kamcimbi,= on gaime yabumbi,6,167,167b
ᠣᠨᠠᠰᡠ,onasu,〔名〕<动>恶那西约，一种异兽名。,6,167,167b
ᠣᠨᠣᠨ,onon,〔名〕<动>公黄羊。,6,167,167b
ᠣᠨᠣᡳ ᠣᠮᠣ,onoi omo,<地>俄馁泊，蒙古名，又作鄂嫩泊、俄内泊，在黑龙江一带。,6,167,167b
ᠣᠨᠴᠣ,onco,〔形〕①宽阔的，宽广的，广阔的： onco amba bigan tala 广阔的田野。②宽宏大量的，宽容的。〔名〕①宽度。②宽，封谥等处用语，其 geren be dasame hahi ak@ngge be onco sembi 御众不迫曰宽。,6,167,167c
ᠣᠨᠴᠣ ᠠᠮᠪᠠ ᡧᡠᠸᡝ ᡥᠠᡶᡠ,onco amba Suwe hafu,恢宏通达。,6,167,167c
ᠣᠨᠴᠣ ᠠᠮᠪᠠ ᡶᡠᠨᡳᠶᠠᡤᠠᠨ,onco amba funiyagan,恢弘之度。,6,167,167c
ᠣᠨᠴᠣ ᠠᠮᠪᠠᠯᡳᠩᡤᡡ,onco ambalingg@,宽大，广阔。,6,167,167c
ᠣᠨᠴᠣ ᠪᠠᡴᡨᠠᠮᠪᡠᠨ,onco baktambun,宽容。,6,167,167c
ᠣᠨᠴᠣ ᠪᡳᠮᡝ ᠮᡠᠸᠠ ᠯᡝᠯᡳ,onco bime muwa leli,宽而粗广。,6,167,167c
ᠣᠨᠴᠣ ᠪᡳᠮᡝ ᡴᡝᠮᡠᠨ ᠪᡳ,onco bime kemun bi,宽而有制。,6,168,168a
ᠣᠨᠴᠣ ᠯᡝᠯᡳ,onco leli,宽广，宽阔，旷廓。,6,168,168a
ᠣᠨᠴᠣ ᠯᡝᠯᡳ ᠪᡳᡵᡝᠮᡝ ᠠᡴᡡᠨᠠᠮᠪᡳ,onco leli bireme ak@nambi,广阔周边。,6,168,168a
ᠣᠨᠴᠣ ᠯᡝᠯᡳ ᠰᡠᠯᡶᠠ ᠠᠮᠪᠠ,onco leli sulfa amba,宽宏博大。,6,168,168a
ᠣᠨᠴᠣ ᠰᡠᠯᠠᡴᠠᠨ,onco sulakan,①从容。②宽松。,6,168,168a
ᠣᠨᠴᠣ ᠰᡠᠯᡶᠠ,onco sulfa,宽广。宽舒。,6,168,168a
ᠣᠨᠴᠣ ᠰᡠᠯᡶᠠ ᠨᡝᠮᡝᠶᡝᠨ ᡠᡥᡠᡴᡝᠨ,onco sulfa nemeyen uhuken,= onco sulfa nesuken genggen,6,168,168a
ᠣᠨᠴᠣ ᠰᡠᠯᡶᠠ ᠨᡝᠰᡠᡴᡝᠨ ᡤᡝᠩᡤᡝᠨ,onco sulfa nesuken genggen,宽裕温柔。,6,168,168a
ᠣᠨᠴᠣ ᠰᡠᠯᡶᠠ ᡝᠯᡝᡥᡠᠨ,onco sulfa elehun,绰绰有余。,6,168,168a
ᠣᠨᠴᠣ ᠰᡠᠯᡶᠠ ᡝᠯᡥᡝ ᠨᡠᡥᠠᠨ,onco sulfa elhe nuhan,宽裕驯优。,6,168,168a
ᠣᠨᠴᠣ ᠰᡠᠯᡶᠠ ᡥᠠᡴᠴᡳᠨ ᠠᡴᡡ,onco sulfa hakcin ak@,宽裕不迫。,6,168,168a
ᠣᠨᠴᠣ ᠰᡠᠯᡶᠠ ᡧᡠᠸᡝ ᡥᠠᡶᡠ,onco sulfa Suwe hafu,舒畅通达。,6,168,168a
ᠣᠨᠴᠣ ᠴᡳᡵᠠ ᡩᡠᠯᡳᠮᠪᠠ ᠪᡝ ᠪᠠᡥᠠᠮᠪᡳ,onco cira dulimba be bahambi,宽严德中。,6,168,168a
ᠣᠨᠴᠣ ᠴᡳᡵᠠ ᡳ ᡳᠰᡥᡠᠨᡩᡝ ᠠᡳᠰᡳᠯᠠᠨᡩᡠᠮᠪᡳ,onco cira i ishunde aisilandumbi,宽猛相济，宽严相济。,6,168,168a
ᠣᠨᠴᠣ ᠵᡳᡵᠠᠮᡳᠨ,onco jiramin,宽厚。,6,168,168a
ᠣᠨᠴᠣ ᠵᡳᡵᠠᠮᡳᠨ ᡤᡳᠶᠠᡳ,onco jiramin giyai,广厚街，即地坛牌楼街名。,6,168,168a
ᠣᠨᠴᠣ ᡤᡳᠯᠵᠠᠨ,onco giljan,宽恕。,6,168,168a
ᠣᠨᠴᠣ ᡳᠰᡥᡝᠯᡳᠶᡝᠨ,onco isheliyen,宽窄。,6,167,167c
ᠣᠨᠴᠣᡥᠣᠨ,oncohon,〔形〕①后仰的，仰卧的： na de oncohon dedumbi 仰卧在地 ；oncohon ergi derei boco majige fularakabi 仰面脸色微赤。②傲慢的。,6,168,168a
ᠣᠨᠴᠣᡥᠣᠨ ᡠᠮᡠᡧᡠᡥᡠᠨ,oncohon umuSuhun,仰俯，颠倒。,6,168,168b
ᠣᠨᠴᠣᡥᠣᠨ ᡨᡠᠸᠠᠮᠪᡳ,oncohon tuwambi,仰面看。,6,168,168b
ᠣᠨᠴᠣᡥᠣᠨ ᡩᡝᡩᡠᠮᠪᡳ,oncohon dedumbi,仰卧。,6,168,168b
ᠣᠨᠴᠣᡥᠣᡧᠣᠮᠪᡳ,oncohoSombi,〔不及〕①傲慢。②仰，后仰，仰卧。,6,168,168b
ᠣᠨᠴᠣᡥᠣᡧᠣᠮᡝ ᠠᠮᠪᠠᡴᡳᠯᠠᠮᠪᡳ,oncohoSome ambakilambi,骄傲。,6,168,168b
ᠣᠨᠴᠣᡥᠣᡧᠣᠮᡝ ᡠᠪᡳᠶᠠᠮᠪᡳ,oncohoSome ubiyambi,骄嫌。,6,168,168b
ᠣᠨᠴᠣᡥᠣᡧᠣᠮᡝ ᡤᡠᡤᡠᡵᡝᠮᠪᡳ,oncohoSome gugurembi,偃蹇。,6,168,168b
ᠣᠨᠴᠣᡥᠣᡧᠣᠮᡝ ᡥᡳᠶᠠᠩᡨᠠᡵᡧᠠᠮᠪᡳ,oncohoSome hiyangtarSambi,骄傲。,6,168,168b
ᠣᠨᠴᠣᡩᠣᠮᠪᡳ,oncodombi,〔及〕原谅，体谅，饶恕，宽恕，宽宥，赦免： gisabume wara be oncodombi 贷其诛磔。,6,168,168b
ᠣᠨᠴᠣᡩᠣᠮᡝ ᠪᠠᡴᡨᠠᠮᠪᡠᠮᡝ ᡠᡥᡠᡴᡝᠨ ᡳᠵᡳᠰᡥᡡᠨ,oncodome baktambume uhuken ijish@n,宽容柔顺。,6,168,168b
ᠣᠨᠴᠣᡩᠣᠮᡝ ᠵᠠᠪᡧᠠᠪᡠᠮᠪᡳ,oncodome jabSabumbi,宽纵。,6,168,168b
ᠣᠨᠴᠣᡩᠣᠮᡝ ᡤᠠᠮᠠᠮᠪᡳ,oncodome gamambi,宽解，宽恕。,6,168,168b
ᠣᠨᠴᠣᡩᠣᠮᡝ ᡤᡠᠸᡝᠪᡠᠮᠪᡳ,oncodome guwebumbi,豁免，宽免，蠲免，宥免，饶恕。,6,168,168b
ᠣᠨᠴᠣᡩᠣᠮᡝ ᡤᡠᠸᡝᠪᡠᠮᡝ ᠰᠠᠯᠠᠮᡝ ᠠᡳᡨᡠᠪᡠᠮᡝ ᠵᡠᠸᡝᠨ ᠪᡠᠮᠪᡳ,oncodome guwebume salame aitubume juwen bumbi,蠲除赈贷。,6,168,168c
ᠣᠨᠴᠣᡩᠣᠮᡝ ᡤᡠᠸᡝᠪᡠᡴᡳ ᠰᡝᠮᡝ ᠪᠠᡳᠮᡝ ᠸᡝᠰᡳᠮᠪᡠᡥᡝ,oncodome guwebuki seme baime wesimbuhe,奏请豁免。,6,168,168c
ᠣᠨᠴᠣᡩᠣᠮᡝ ᡤᡠᠸᡝᠪᡠᡵᠠᡴᡡ ᠣᠪᡠᠮᠪᡳ,oncodome guweburak@ obumbi,不准宽免。,6,168,168c
ᠣᠨᠴᠣᡩᠣᠮᡝ ᡤᡳᠯᠵᠠᠮᠪᡳ,oncodome giljambi,宽恕。,6,168,168b
ᠣᠨᠴᠣᡩᠣᠮᡝ ᡨᡠᡧᠠᠨ ᡩᡝ ᠪᡳᠪᡠᠮᠪᡳ,oncodome tuSan de bibumbi,从宽留任。,6,168,168b
ᠣᠨᠴᠣᡩᠣᠮᡝ ᡴᡝᠰᡳ ᡳᠰᡳᠪᡠᠴᡳ ᠠᠴᠠᠮᠪᡳ,oncodome kesi isibuci acambi,宜从宽典。,6,168,168b
ᠣᠨᠴᠣᡩᠣᠮᡝ ᡶᠣᡵᡤᠣᡧᠣᠮᡝ ᠪᠠᡳᡨᠠᠯᠠᠮᠪᡳ,oncodome forgoSome baitalambi,从宽调用。,6,168,168c
ᠣᠨᠴᠣᡩᠣᡵᠣ ᡴᡝᠰᡳ,oncodoro kesi,宽典。,6,168,168c
ᠣᠨᠴᠣᡴᠣᠨ,oncokon,〔形〕略宽的。,6,168,168a
ᠣᠨᠴᠣ ᡳ ᠪᠠᡴᡨᠠᠮᠪᡠᠮᡝ ᡤᠣᠰᡳᠨ  ᡳ ᠶᠠᠪᡠᠮᠪᡳ,onco i baktambume gosin  i yabumbi,宽容仁行。,6,167,167c
ᠣᠨᡨᠣᡥᠣᠨ ᡴᠠᡵᡠᠨ,ontohon karun,<地>温托珲卡伦，又作温托昏，在特穆德赫西南七十五里，卡伦南有温托昏泊，隶黑龙江将军。,6,167,167b
ᠣᠨᡩᠣᠨᠴᡝᠣ,ondonceo,〔名〕多罗呢，布帛名。,6,167,167c
ᠣᠨᡩᠣᠮᠪᡳ,ondombi,〔不及〕乱来，乱弄： balai ondombi 乱来； guwedebume ondombi 愚弄。,6,167,167c
ᠣᠨᡩᠣᠮᡝ ᠠᡵᠪᡠᡧᠠᠮᠪᡳ,ondome arbuSambi,狎亵。,6,167,167c
ᠣᠨᡩᠣᠮᡝ ᠵᠣᠪᠣᠪᡠᡵᡝ ᡩᡝ ᡥᠠᠮᡳᡵᠠᡴᡡ,ondome jobobure de hamirak@,不堪其扰。,6,167,167c
ᠣᠨᡩᠣᡥᠣᡳ ᠠᠮᠪᠠ ᠪᠠᡳᡨᠠ ᡨᡠᠴᡳᠨᠵᡳᡥᡝᠪᡳ,ondohoi amba baita tucinjihebi,酿成巨案。,6,167,167c
ᠣᠨᡩᠣᡵᠠᡴᡡ,ondorak@,恐其乱来。,6,167,167c
ᠣᠩ ᠰᡝᠮᡝ,ong seme,大骲头箭响声。,6,168,168c
ᠣᠩᠨᡳᠶᠣᡨ,ongniyot,〔名〕翁牛特。,6,168,168c
ᠣᠩᠨᡳᡴᠠ,ongnika,〔名〕<动>脆牲，即狼獾，又叫貂熊。,6,168,168c
ᠣᠩᡤᠣᠨ,onggon,〔名〕①鞍缦，鞍鞽孔。②光脊梁，光背，骣（骑）。,6,168,168c
ᠣᠩᡤᠣᠮᠪᡳ,onggombi,〔及〕①忘记，忘却，遗忘。②（大小便）秘结： fajan onggohobi 大结； sike onggohobi 小结。,6,169,169a
ᠣᠩᡤᠣᠯᠣ,onggolo,〔名〕①（河）港，（河）湾： birai onggolo 河湾。②先前，从前，过去，以前。,6,168,168c
ᠣᠩᡤᠣᠯᠣ ᠮᡠᡩᠠᠨ,onggolo mudan,①上届。②港湾。,6,169,169a
ᠣᠩᡤᠣᠰᡠ,onggosu,〔形〕忘性，健忘，好忘事的，记忆力差的： onggosu niyalma 健忘的人。,6,168,168c
ᠣᠩᡤᠣᠴᠣᠨ,onggocon,〔名〕胡琴，马头琴。,6,169,169a
ᠣᠩᡤᠣᡧᠣᠨ,onggoSon,〔名〕<动>鲫（鱼）。,6,168,168c
ᠣᠩᡤᠣᡨᠠᡳ,onggotai,〔形〕忘净。,6,168,168c
ᠣᠩᡤᠣᡵᠣ,onggoro,〔名〕脑精骨。〔及〕 onggombi 的形动词。,6,169,169a
ᠣᠩᡤᠣᡵᠣ ᠣᡵᡥᠣ,onggoro orho,<植>合欢草，又叫忘忧草。,6,169,169a
ᠣᠩᡤᠣᡵᠣ ᠮᠠᠩᡤᠠ,onggoro mangga,健忘。,6,169,169a
ᠣᠩᡤᠣᡵᠣ ᠴᡝᠴᡳᡴᡝ,onggoro cecike,<动>护松鸟。,6,169,169a
ᠣᠩᡤᠣᡵᠣ ᡳᠯᡥᠠ,onggoro ilha,<植>萱花。,6,169,169a
ᠣᠩᡨᠣᠨ,ongton,〔形〕未经驯练得，未见世面的，少见多怪的。,6,169,169a
ᠣᠩᡨᠣᠨ ᠠᡴᡡ,ongton ak@,不慊。,6,169,169a
ᠣᠩᡨᠣᡵᡳ,ongtori,〔形〕粗野的，粗鲁的。,6,169,169a
ᠣᠩᡴᠣ,ongko,〔名〕牧场，草场，放牧地。,6,168,168c
ᠣᠩᡴᠣ ᠮᡠᡴᡝ,ongko muke,水草。,6,168,168c
ᠣᠩᡴᡳᠮᠪᡳ,ongkimbi,〔不及〕（兽类闻道异味或听到异声）惊逃、避去。,6,169,169a
ᠣᠪᠣ,obo,〔名〕鄂博，蒙古语，即垒石为堆之意。〔及〕 obombi 的命令式。,6,171,171b
ᠣᠪᠣ ᡩᠠᠪᠠᡤᠠᠨ ᡴᡡᠸᠠᡵᠠᠨ,obo dabagan k@waran,俄卜岭营。,6,171,171b
ᠣᠪᠣ ᡳᠯᡳᠪᡠᡶᡳ ᡨᡝᠮᡤᡝᡨᡠ ᠣᠪᡠᠮᠪᡳ,obo ilibufi temgetu obumbi,分立地界为记，设立鄂博为记。,6,171,171b
ᠣᠪᠣᠩᡤᠣ ᡥᡳᠶᠠᠨ,obonggo hiyan,龙涎香。,6,171,171b
ᠣᠪᠣᠩᡤᡳ,obonggi,〔名〕①泡儿，泡沫，沫子： mukei obonggi 水沫。②人参膏。,6,171,171b
ᠣᠪᠣᠩᡤᡳ ᠠᡵᡴᡳ,obonggi arki,沫子烧酒。,6,171,171c
ᠣᠪᠣᠩᡤᡳ ᡥᡝᠯᠮᡝᠨ,obonggi helmen,泡影。,6,171,171c
ᠣᠪᠣᠩᡤᡳᠨᠠᠮᠪᡳ,obongginambi,〔不及〕起沫，起泡儿，起泡沫。,6,171,171c
ᠣᠪᠣᠮᠪᡳ,obombi,〔及〕洗，洗涤，洗濯，洗刷： etuku obombi 洗衣服。,6,171,171c
ᠣᠪᠣᠮᡝ ᠰᡳᠯᡤᡳᠶᠠᠮᠪᡳ,obome silgiyambi,洗漱。,6,172,172a
ᠣᠪᠣᠮᡝ ᠸᡝᡵᡝᠮᠪᡳ,obome werembi,淘汰。,6,172,172a
ᠣᠪᠣᠮᡝ ᡝᠪᡳᡧᡝᠮᠪᡳ,obome ebiSembi,沐浴。,6,172,172a
ᠣᠪᠣᠯᠴᡳ ᠠᠮᠠᡵᡤᡳ ᡩᠠᠪᠠᡤᠠᠨ ᡴᠠᡵᡠᠨ,obolci amargi dabagan karun,<地>鄂博勒齐北达巴罕卡伦，春设，动移至博罗布尔噶苏，东与哈什围场交界，隶惠宁城领队大臣。,6,171,171c
ᠣᠪᠣᡥᠣ ᡝᡨᡠᡴᡠ ᠰᡳᠯᡤᡳᠶᠠᡥᠠ ᠮᠠᡥᠠᠯᠠ,oboho etuku silgiyaha mahala,浣衣濯冠。,6,171,171c
ᠣᠪᠣᡨᡠ ᡩᠣᡤᠣᠨ ᡴᠠᡵᡠᠨ,obotu dogon karun,<地>鄂博图渡口卡伦，冬由特穆尔哩克移设，东至雅巴尔布拉克六十里，西至额尔格图五十里，隶厄鲁特营领队大臣。,6,171,171c
ᠣᠪᠣᡨᡠ ᡴᠠᡵᡠᠨ,obotu karun,<地>①鄂博图卡伦，冬添夏撤，西南至额尔格图四十里，隶厄鲁特营领队大臣。②= h@wa obogo karun,6,171,171c
ᠣᠪᠣᡴᡡ,obok@,〔名〕洗脸盆。,6,171,171c
ᠣᠪᠣᡴᡡ ᡝᡶᡝᠨ,obok@ efen,鸡蛋糕，盆糕。,6,171,171c
ᠣᠪᠣᡴᡡ ᡳ ᡶᠣᠯᠣᠨ,obok@ i folon,盘铭。,6,171,171c
ᠣᠪᠣᡵᠣ ᡶᠠᠩᡧᠠᡵᠠ ᠮᡝᠩᡤᡠᠨ,oboro fangSara menggun,燂洗银，即洗刷船只费用。,6,172,172a
ᠣᠪᡠᠮᠪᡳ,obumbi,〔不及〕①师德，使变为，致使： bolgo obumbi 致使干净； huweki sain usin obumbi 使其变为膏腴。②作，作为，当作，充当： goroki jecen de unggifi cooha obumbi 发边远充军； turgun yargiyan de obuha weilengge niyalma （当作）情实人犯； gucu obufi tuwambi 视作朋友。③以为，授为，拟作： encu elheSeme wara de obumbi 另拟缓决; dorgi yamun i ashan i bithei da obumbi 授以内阁学士； jingkini obume sindambi 实授; emu obume icihiyambi 以归划一； ba na de tusa obumbi 以裨地方。,6,172,172a
ᠣᠪᡤᡳᠶᠠ,obgiya,〔名〕（打雕的）水囮子。,6,172,172b
ᠣᠪᡨᠣᡴᠣ,obtoko,〔名〕（瘦死的畜、兽的）肉。,6,172,172a
ᠣᠪᡨᠣᡴᠣ ᠶᠠᠯᡳ,obtoko yali,= obtoko,6,172,172a
ᠣᠪᡳᡥᡳᠶᠠ ᠶᠠᠯᡳ,obihiya yali,（牲畜）琶琵骨肉。,6,171,171b
ᠣᠪᡴᠠᠨ ᡨᡠᠪᡴᠠᠨ,obkan tubkan,这里那里。,6,172,172a
ᠣᠮᠣ,omo,〔名〕池，池沼，湖泊。,6,176,176b
ᠣᠮᠣ ᠪᡝ ᡶᡝᡨᡝᡶᡳ ᠪᡳᠯᡨᡝᠨ ᠣᠪᡠᠮᠪᡳ,omo be fetefi bilten obumbi,凿池为湖。,6,176,176b
ᠣᠮᠣᠯᠣ,omolo,〔名〕孙子。,6,176,176c
ᠣᠮᠣᠯᠣ ᠪᡳᡵᠠ,omolo bira,<地>鄂摩罗河，又作 umolo bira乌摩罗河，在黑龙江一带。,6,176,176c
ᠣᠮᠣᠯᠣ ᡨᡠᠸᠠᠮᠪᡳ,omolo tuwambi,得孙。,6,176,176c
ᠣᠮᠣᠯᠣ ᡳ ᠣᠮᠣᠯᠣ,omolo i omolo,玄孙。,6,176,176c
ᠣᠮᠣᠰᡳ,omosi,〔名〕众孙。,6,176,176c
ᠣᠮᠣᠰᡳ ᠮᠠᠮᠠ,omosi mama,福神，即子孙娘娘。,6,176,176c
ᠣᠮᠣᡥᠣ ᠰᠣᡵᠣ,omoho soro,鄂漠和索洛，清初部落名。,6,176,176b
ᠣᠮᠣᡴᡨᡠ ᡴᠣᠩᡤᠣᡵᠣ ᠮᠣᡵᡳᠨ,omoktu konggoro morin,渠黄马。,6,176,176c
ᠣᠮᠣ ᡳ ᡩᠠᠪᠰᡠᠨ,omo i dabsun,池盐。,6,176,176b
ᠣᠮᠪᡳ,ombi,〔不及〕①成为，变成，变为，化为： gemu fulgiyan oho 都成红的了。②充当，作为，当作： cuwan de Suruci ofi yabumbi 船上当水手。③成，行，可以： yabuci ombi 可以走。④是，为：sinde ai ombi 是你何人。⑤足以，足有，足可以： gemu niyececun tusa ombi 均有裨益； gemu mujilen be untuhun obuci ombi 皆足荡心。,6,176,176c
ᠣᠮᠴᠣᡴᠣ,omcoko,〔名〕口子，决口，豁口。〔形〕（边沿）裂开的，裂口的，缺口的，豁口的：omcoko femen 豁唇。,6,176,176c
ᠣᠮᡧᠣᠨ ᠪᡳᠶᠠ,omSon biya,十一月。,6,176,176c
ᠣᠮᡳ,omi,〔名〕（鼠类储存食物的）洞穴。〔及〕 omimbi 的命令式。,6,176,176a
ᠣᠮᡳ ᠰᠠᠩᡤᠠ,omi sangga,〔名〕= omi,6,176,176a
ᠣᠮᡳᠨ,omin,〔名〕①饮食。②饥，饥饿，饥馑。,6,176,176a
ᠣᠮᡳᠨ ᠠᠨᡳᠶᠠ,omin aniya,荒年。,6,176,176a
ᠣᠮᡳᠨ ᠶᡠᠶᡠᠨ,omin yuyun,饥馑。,6,176,176a
ᠣᠮᡳᠩᡤᠠ,omingga,〔名〕饮料。,6,176,176a
ᠣᠮᡳᠩᡤᠠ ᠵᡝᠮᡝᠩᡤᡝ,omingga jemengge,饮食。,6,176,176a
ᠣᠮᡳᠩᡤᠠ ᠵᡝᠮᡝᠩᡤᡝ ᡳ ᠵᡳᠩᡴᡳᠨᡳ ᡩᠠᠰᠠᡵᡤᠠᠨ,omingga jemengge i jingkini dasargan,<书>饮膳正要。,6,176,176a
ᠣᠮᡳᠪᡠᠮᠪᡳ,omibumbi,〔不及〕① omimbi 的使动态。②给饮，给喝。,6,176,176b
ᠣᠮᡳᠮᠪᡳ,omimbi,〔及〕①喝，饮： cai omimbi 喝茶。②服、吃（药）： okto omimbi 吃药。③抽、吸（烟）：dambaku omimbi 抽烟；dambaku omire dai 烟袋。,6,176,176b
ᠣᠮᡳᠮᡝ ᠰᡠᡳᡥᡠᠮᡝ ᡝᡥᡝ ᠪᡝ ᠶᠠᠪᡠᠮᠪᡳ,omime suihume ehe be yabumbi,酗酒行凶。,6,176,176b
ᠣᠮᡳᠯᠠᠮᠪᡳ,omilambi,〔不及〕骑马渡河。,6,176,176b
ᠣᠮᡳᠯᠠᠮᡝ ᡩᠣᠣᠮᠪᡳ,omilame doombi,蹚渡。,6,176,176b
ᠣᠮᡳᠴᠠᠮᠪᡳ,omicambi,〔及〕共饮。,6,176,176b
ᠣᠮᡳᡥᠣᠨ,omihon,〔形〕①饥饿的，饥馑的，饥困的。②空肚的，空腹的。,6,176,176a
ᠣᠮᡳᡥᠣᠨ ᡥᡠᡨᡠ ᠪᡝ ᠠᡳᡨᡠᠪᡠᡵᡝ ᡨᠠᡵᠨᡳ ᠨᠣᠮᡠᠨ,omihon hutu be aitubure tarni nomun,<书>救援焰口饿鬼经。,6,176,176a
ᠣᠮᡳᡥᠣᠨ ᡥᡠᡨᡠ ᡳ ᡴᠠᡵᡠᠯᠠᡵᠠ ᠠᠴᠠᠪᡠᡵᡝ ᠨᠣᠮᡠᠨ,omihon hutu i karulara acabure nomun,<书>饿鬼报应经。,6,176,176a
ᠣᠮᡳᡥᠣᠨ ᡩᡝ ᠠᡴᡡ ᠣᡥᠣ,omihon de ak@ oho,饿死，饿毙。,6,176,176a
ᠣᠮᡳᡥᠣᠯᠣᠮᠪᡳ,omiholombi,〔不及〕挨饿，饥饿。,6,176,176b
ᠣᠮᡳᡥᠣᠯᠣᠮᡝ ᠶᡠᠶᡠᠮᠪᡳ,omiholome yuyumbi,饥饿。,6,176,176b
ᠣᠮᡳᡥᠣᠯᠣᡶᡳ ᡴᡠᡥᡝᠩᡤᡝ,omiholofi kuhengge,殍殣，饿殍。,6,176,176b
ᠣᠮᡳᡵᡝ ᠵᡝᡨᡝᡵᡝ,omire jetere,饮食。,6,176,176b
ᠣᠮᡴᡳᠶᠠ,omkiya,〔名〕<动>飞鼠。,6,176,176c
ᠣᠯᠣ,olo,〔名〕线麻，绳麻。〔及〕 olombi 的命令式。,6,173,173c
ᠣᠯᠣ ᠰᠠᠪᡠ,olo sabu,麻鞋。,6,173,173c
ᠣᠯᠣ ᡤᡳᡩᠠᠮᠪᡳ,olo gidambi,沤纻。,6,173,173c
ᠣᠯᠣ ᡶᠣᠶᠣ,olo foyo,<植>白茸莎草。,6,173,173c
ᠣᠯᠣᠨ,olon,〔名〕马肚带。,6,173,173c
ᠣᠯᠣᠨ ᡳ ᡤᠣᠴᡳᡴᠠ,olon i gocika,司辔。,6,173,173c
ᠣᠯᠣᠩᡩᠣ,olongdo,〔名〕长筒鞋，又作 garun。,6,173,173c
ᠣᠯᠣᠰᡳ,olosi,〔名〕衩夫，即穿 oloSon 掘浅夫役。,6,173,173c
ᠣᠯᠣᡧᠣᠨ,oloSon,〔名〕涉水皮衩裤，即以生皮做成长筒状，用以涉水或挖淤泥。,6,174,174a
ᠣᠯᠣᡴᡳ ᠪᡳᡵᠠ,oloki bira,<地>鄂罗奇河，索伦名，又作鄂隆克衣河，在黑龙江一带。,6,174,174a
ᠣᠯᠪᠣ,olbo,〔名〕①敖尔布，即汉军旗抬鹿角木之兵。②马褂，外出所穿的短褂。,6,175,175c
ᠣᠯᠪᠣ ᡠᡴᠰᡳᠨ,olbo uksin,绵甲。,6,175,175c
ᠣᠯᠪᠣᡵᠣ ᠶᠠᠯᡳ,olboro yali,熊颊肉。,6,175,175c
ᠣᠯᠪᡳᡥᡳᠶᠠᠨ,olbihiyan,〔形〕无耐性的，不稳健的，轻薄的。,6,175,175b
ᠣᠯᠵᡳ,olji,〔名〕俘虏。,6,175,175c
ᠣᠯᠵᡳ ᠠᠯᡳᠪᡠᠮᠪᡳ,olji alibumbi,献俘。,6,175,175c
ᠣᠯᠵᡳ ᠣᠯᠵᡳᠯᠠᠮᠪᡳ,olji oljilambi,浮虏。,6,175,175c
ᠣᠯᠵᡳᠯᠠᠮᠪᡳ,oljilambi,〔及〕抢掳（人口），浮虏，俘获。,6,175,175c
ᠣᠯᠵᡳᠯᠠᠮᡝ ᡨᠠᠪᠴᡳᠯᠠᠮᠪᡳ,oljilame tabcilambi,浮虏，抢掠。,6,176,176a
ᠣᠯᠵᡳᠯᠠᠮᡝ ᡩᡠᡵᡳᠮᠪᡳ,oljilame durimbi,抄抢，抢掠，抢夺。,6,176,176a
ᠣᠯᠵᡳᡥᠣ ᠪᡠᠯᠠᡴ ᡴᠠᡵᡠᠨ,oljiho bulak karun,<地>鄂尔济呼布拉克卡伦，又作鄂尔吉和布拉克、额尔吉呼，西至齐齐尔噶那一百一十里，卡伦东临得布孙河，隶科布多参赞大臣。,6,175,175c
ᠣᠯᡠᠨ ᠪᡠᠯᠠᡴ ᡴᠠᡵᡠᠨ,olun bulak karun,<地>鄂伦布拉克卡伦，冬设，西南至乌里雅苏图一百里，隶塔尔巴哈台参赞大臣。,6,174,174a
ᠣᠯᡠᠩᡤᡳ,olunggi,〔名〕<地>鄂笼吉，蒙古语，鄂笼为柔草，吉为茂盛之貌，位于巴里坤西北。,6,174,174a
ᠣᠯᡥᠣᠨ,olhon,〔名〕①陆地，旱地。②鄂勒浑，清初部落名。〔形〕干的，干爆的，旱的。,6,174,174a
ᠣᠯᡥᠣᠨ ᠪᡠᡩᠠ,olhon buda,干饭。,6,174,174a
ᠣᠯᡥᠣᠨ ᠪᡳᡵᠠ,olhon bira,旱河。,6,174,174a
ᠣᠯᡥᠣᠨ ᠮᠣᠩᡤᠣᠨ,olhon monggon,气嗓，又作 buge monggon ， h@sha monggon。,6,174,174a
ᠣᠯᡥᠣᠨ ᠵᡠᡤᡡᠨ ᡳ ᠮᡳᠩᡤᠠᡨᡠ,olhon jug@n i minggatu,陆路千总。,6,174,174a
ᠣᠯᡥᠣᠨ ᠵᡠᡤᡡᠨ ᡳ ᠴᠣᠣᡥᠠᡳ ᠵᡠᡵᡤᠠᠨ,olhon jug@n i coohai jurgan,<衙>陆军部。,6,174,174b
ᠣᠯᡥᠣᠨ ᠵᡠᡶᡝᠯᡳᠶᡝᠨ,olhon jufeliyen,干粮，糇粮。,6,174,174b
ᠣᠯᡥᠣᠨ ᠵᡠᡶᡝᠯᡳᠶᡝᠨ ᡩᡝ ᡝᠨᡩᡝᠪᡠᡴᡠ ᠣᠮᠪᡳ,olhon jufeliyen de endebuku ombi,干糇以愆。,6,174,174b
ᠣᠯᡥᠣᠨ ᠶᠠᠯᡳ ᠨᠠᠮᡠᠨ,olhon yali namun,干肉库。,6,174,174b
ᠣᠯᡥᠣᠨ ᡩᡝᡵᠪᡝᡥᡠᠨ,olhon derbehun,爆湿。,6,174,174a
ᠣᠯᡥᠣᠨ ᡶᡝᠶᡝ,olhon feye,浮伤。,6,174,174b
ᠣᠯᡥᠣᠨ ᡳ ᡥᠣᡨᠣᠨ,olhon i hoton,<地>鄂勒浑城。,6,174,174a
ᠣᠯᡥᠣᠪᠠ,olhoba,〔形〕①谨慎的，慎重的，审慎的，小心的。②慎，封谥等处用语，其 olhoSome dasame beyebe tuwakiyahangge be olhoba sembi 谨饬自持曰慎。,6,174,174b
ᠣᠯᡥᠣᠪᠠ ᠨᡝᠴᡳᡥᡳᠶᡝᠨ ᡤᡳᠶᡡᠨ ᠸᠠᠩ,olhoba necihiyen giy@n wang,慎靖郡王。,6,174,174b
ᠣᠯᡥᠣᠪᠠ ᠪᡝᡳᠯᡝ,olhoba beile,恪僖贝勒。,6,174,174b
ᠣᠯᡥᠣᠪᠠ ᡠᠯᡥᡳᠰᡠ ᠪᡝᡳᠯᡝ,olhoba ulhisu beile,僖敏贝勒。,6,174,174b
ᠣᠯᡥᠣᠪᠠ ᡤᡠᠩ,olhoba gung,恪僖公。,6,174,174b
ᠣᠯᡥᠣᠪᠠ ᡤᡳᠶᡡᠨ ᠸᠠᠩ,olhoba giy@n wang,僖君王。,6,174,174b
ᠣᠯᡥᠣᠪᠠ ᡶᡳᠰᡳᠨ,olhoba fisin,谨厚。,6,174,174b
ᠣᠯᡥᠣᠪᡠᠮᠪᡳ,olhobumbi,〔及〕① olhombi 的使动态。②晒干，风干，烘干，弄干。,6,174,174b
ᠣᠯᡥᠣᠪᡠᡵᡝ ᠰᡝᠩᠰᡝᠪᡠᡵᡝ,olhobure sengsebure,干燥。,6,174,174c
ᠣᠯᡥᠣᠮᠪᡳ,olhombi,〔不及〕①干，变干，干涸，干枯，干裂： orho moo olhombi 草木干枯。②谨慎，小心，当心，留神： ejen jug@n de saikan olhoSoki 君于路上小心保重。③畏惧，恐惧。,6,175,175a
ᠣᠯᡥᠣᠮᡝ ᠣᠯᡥᠣᠮᡝ ᡨᠠᡵᡤᠠᠮᡝ ᡤᡳᠩᡤᡠᠯᡝᠮᠪᡳ,olhome olhome targame ginggulembi,兢兢戒谨。,,,
ᠣᠯᡥᠣᠮᡝ ᠯᠠᠶᠠᠮᠪᡳ,olhome layambi,枯萎。,6,175,175b
ᠣᠯᡥᠣᠮᡝ ᠵᠠᡳᠯᠠᠮᠪᡳ,olhome jailambi,畏避。,6,175,175b
ᠣᠯᡥᠣᠮᡝ ᡝᡶᡳᡴᡠ ᡤᡳᠰᡠᡵᡝᡵᠠᡴᡡ,olhome efiku gisurerak@,不敢戏谈。,6,175,175b
ᠣᠯᡥᠣᠮᡝ ᡤᠣᠯᠣᠮᠪᡳ,olhome golombi,畏惧。,6,175,175b
ᠣᠯᡥᠣᠮᡝ ᡤᡠᡤᡠᡵᡝᡵᠠᡴᡡᠴᡳ ᠣᠵᠣᡵᠠᡴᡡ,olhome gugurerak@ci ojorak@,不敢不跼。,6,175,175b
ᠣᠯᡥᠣᠮᡝ ᡥᡝᠣᠯᡝᡩᡝᡵᠠᡴᡡ,olhome heolederak@,克勤无怠。,6,175,175b
ᠣᠯᡥᠣᠮᡝ ᡨᠠᠰᡥᠠ ᡩᡝ ᡶᠠᡵᡧᠠᡵᠠᡴᡡ,olhome tasha de farSarak@,不敢暴虎。,6,175,175b
ᠣᠯᡥᠣᠴᡠᠨ,olhocun,〔名〕畏惧，恐惧。,6,175,175b
ᠣᠯᡥᠣᠴᡠᠨ ᠵᡝᠴᡝᠨ,olhocun jecen,岩疆，严疆，指关系紧要，必须设置卡伦或台寨防守的边界地方。,6,175,175b
ᠣᠯᡥᠣᠴᡠᡴᠠ,olhocuka,〔形〕可畏的，可慎的，可怕的。,6,175,175b
ᠣᠯᡥᠣᠴᡠᡴᠠ ᠵᠣᠪᠣᠴᡠᡴᠠ,olhocuka jobocuka,忧患。,6,175,175b
ᠣᠯᡥᠣᡥᠣ ᠮᠣᠣ,olhoho moo,枯木。,6,175,175a
ᠣᠯᡥᠣᡥᠣ ᠮᠣᠣ ᠨᡳᠶᠠᡥᠠ ᠮᡠᡴᡩᡝᡥᡝᠨ,olhoho moo niyaha mukdehen,枯木朽株。,6,175,175a
ᠣᠯᡥᠣᡥᠣ ᡤᡳᡵᠠᠨ,olhoho giran,朽骨。,6,175,175a
ᠣᠯᡥᠣᡥᠣ ᡶᡠᠯᡝᠩᡤᡳ ᡩᠠᠰᠠᠮᡝ ᡩᠠᠶᠠᡥᠠ,olhoho fulenggi dasame dayaha,死灰复燃。,6,175,175a
ᠣᠯᡥᠣᡥᠣ ᡶᡠᠯᡥᠠ ᠨᡳᠶᠠᡥᠠᡵᠠᠨᠠᠮᠪᡳ,olhoho fulha niyaharanambi,枯杨生稊。,6,175,175a
ᠣᠯᡥᠣᡥᠣ ᡶᡠᠯᡥᠠ ᡳᠯᡥᠠ ᡳᠯᠠᠮᠪᡳ,olhoho fulha ilha ilambi,枯杨生华。,6,175,175a
ᠣᠯᡥᠣᡥᠣᠩᡤᡝ ᠪᡝ ᠠᠨᠠᠮᡝ ᠨᡳᠶᠠᡥᠠᠩᡤᡝ ᠪᡝ ᡨᡠᡥᡝᠪᡠᠮᠪᡳ,olhohongge be aname niyahangge be tuhebumbi,摧枯拉朽。,6,175,175a
ᠣᠯᡥᠣᡥᠣᠩᡤᡝ ᠪᡝ ᠪᡳᠵᠠᠮᡝ ᠨᡳᠶᠠᡥᠠᠩᡤᡝ ᠪᡝ ᠮᠣᡴᠰᠣᠯᠣᠮᠪᡳ,olhohongge be bijame niyahangge be moksolombi,= olhohongge be aname niyahangge be tuhebumbi,6,175,175a
ᠣᠯᡥᠣᡧᠣᠨ,olhoSon,〔名〕僖，封谥等处用语，其 ajige mujilen i iletuleme acabuhangge be olhoSon sembi 小心昭事曰僖； ajige mujilen i olhome sengguwerengge be olhoSon sembi 小心畏忌曰僖。,6,174,174c
ᠣᠯᡥᠣᡧᠣᠮᠪᡳ,olhoSombi,"〔不及〕①慎重，谨慎，小心，留神，注意： udu endebuku ak@ secibe, ser sere babe olhoSorak@ci ojorak@ 虽然无过，不可不慎少微； hafan i doro be olhoSome tuwakiyambi 恪谨官箴。②警惕，谨防，提防，防范。",6,174,174c
ᠣᠯᡥᠣᡧᠣᠮᡝ ᠠᠮᠪᠠ ᡩᠣᡵᠣ ᠪᡝ ᠰᡳᡵᠠᠮᠪᡳ,olhoSome amba doro be sirambi,寅绍丕基。,6,174,174c
ᠣᠯᡥᠣᡧᠣᠮᡝ ᠣᠯᡥᠣᡧᠣᠮᡝ ᡤᡳᠩᡤᡠᠯᡝᠮᡝ ᡤᡳᠩᡤᡠᠯᡝᠮᡝ,olhoSome olhoSome gingguleme gingguleme,兢兢业业。,6,174,174c
ᠣᠯᡥᠣᡧᠣᠮᡝ ᡠᠵᡝᠯᡝᠮᠪᡳ,olhoSome ujelembi,慎重。,6,174,174c
ᠣᠯᡥᠣᡧᠣᠮᡝ ᡤᡡᠨᡳᠮᡝ ᡤᡝᡨᡠᡴᡝᠯᡝᠮᡝ ᡳᠯᡤᠠᠮᠪᡳ,olhoSome g@nime getukeleme ilgambi,慎思明辨。,6,174,174c
ᠣᠯᡥᠣᡧᠣᠮᡝ ᡥᡝᠣᠯᡝᡩᡝᡵᠠᡴᡡ,olhoSome heolederak@,克谨无怠。,6,175,175a
ᠣᠯᡥᠣᡧᠣᠮᡝ ᡨᡠᠸᠠᡴᡳᠶᠠᠮᠪᡳ,olhoSome tuwakiyambi,慎守。,6,174,174c
ᠣᠯᡥᠣᡧᠣᠮᡝ ᡴᡳᠮᠴᡳᠮᠪᡳ,olhoSome kimcimbi,警省。,6,175,175a
ᠣᠯᡥᠣᡧᠣᡵᠣ ᡩᠠᡩᡝ ᠣᠯᡥᠣᡧᠣᠮᠪᡳ,olhoSoro dade olhoSombi,慎而益慎。,6,175,175a
ᠣᠯᡥᠣᡨᡠᠨ,olhotun,〔名〕三焦，即心胃间曰中焦，脐与膀胱之间曰下焦。,6,175,175a
ᠣᠯᡥᠣᡳ,olhoi,〔感〕表示惊讶之词。,6,174,174a
ᠣᠯᡥᠣᡴᠣᠨ,olhokon,〔形〕①略爆干的。②饥渴透了的。,6,174,174b
ᠣᠯᡥᠣᡴᠣᠨ ᠣᡥᠣ,olhokon oho,①略微干了。②饥渴了。③人怕了。,6,174,174b
ᠣᠯᡨᡠ ᡧᡝᡵᡳ ᡴᠠᡵᡠᠨ,oltu Seri karun,<地>鄂勒图舍哩卡伦，又作俄尔托布拉克泉，隶呼伦贝尔副都统。,6,175,175c
ᠣᠯᡩᠣᡴᠣᠨ ᠪᡳᡵᠠ,oldokon bira,<地>鄂尔多昆河，索伦名，又作鄂尔多库尔河，在黑龙江一带。,6,175,175c
ᠣᠯᡳᠩᡨᡠ ᡴᠠᡵᡠᠨ,olingtu karun,<地>鄂陵图卡伦，又作乌林图，鄂陵土，西至托尔罗克二百里，卡伦南有伊玛尔和河，隶库伦办事大臣。,6,173,173b
ᠣᠯᡳᠮᠪᡳ,olimbi,〔不及〕躲避。,6,173,173c
ᠣᠯᡳᠮᡝ ᠶᠠᠪᡠᠮᠪᡳ,olime yabumbi,躲着路走。,6,173,173c
ᠣᠯᡳᡥᠠ,oliha,〔形〕胆忶的，胆小的，畏忶的。,6,173,173c
ᠣᠯᡳᡥᠠ ᡧᡠᠪᡠᡵᡳ,oliha Suburi,忶弱。,6,173,173c
ᠣᠯᡳᡥᠠᡩᠠᠮᠪᡳ,olihadambi,〔不及〕畏忶，恐惧，胆寒。,6,173,173c
ᠣᠯᡳᡥᠠᡩᠠᠮᡝ ᠰᠣᠰᠣᡵᠣᠮᡝ ᡨᡠᠸᠠᡧᠠᡨᠠᠮᡝ ᠠᠯᡳᠶᠠᡴᡳᠶᠠᠮᠪᡳ,olihadame sosorome tuwaSatame aliyakiyambi,畏葸观望。,6,173,173c
ᠣᠯᡳᡥᠠᡵᡳ,olihari,〔名〕<动>幽頞。,6,173,173c
ᠣᠯᡶᡳᠶᠠᠨ,olfiyan,〔形〕轻薄的。,6,176,176a
ᠣᠯᡶᡳᡥᡳᠶᠠᠨ,olfihiyan,〔形〕= olbihiyan。,6,176,176a
ᠣᠯᡶᡳᡥᡳᠶᠠᠨ ᠪᠠᠯᠠᠮᠠ ᠰᡠᡵᡥᡡᠨ ᠠᡴᡡ,olfihiyan balama surh@n ak@,轻狂不慧。,6,176,176a
ᠣᠰᠣ,oso,〔及〕 ombi 的命令式。,6,172,172b
ᠣᠰᠣ ᠨᠠᡴᡡ,oso nak@,将然未然口气，才要去尚未去口气，在会话时 nak@ 念为 ak@ 音。,6,172,172b
ᠣᠰᠣᡥᠣᠨ,osohon,〔形〕①小的。②年幼的，年纪小的。③稍许，一点儿，略微。,6,172,172b
ᠣᠰᠣᡥᠣᠨ ᠪᡠᡩᠠᡳ ᡝᡵᡳᠨ,osohon budai erin,早餐，小饭时。,6,172,172b
ᠣᠰᠣᡥᠣᠨ ᡳ ᠮᠠᠨᠠᠮᠪᡳ,osohon i manambi,小建，中国农历每年十二个月，分有大建月和小建月，大建每三十日，小建每月二十九日。,6,172,172b
ᠣᠰᠣᡥᠣᠨ ᡳ ᠮᠠᠨᠠᡥᠠ ᠮᡝᠩᡤᡠᠨ,osohon i manaha menggun,小建银，清代发放俸薪、兵饷、工食等银两，皆为按日计算，若遇小建月时，扣留一日，存储藩库，称为小建银。,6,172,172b
ᠣᠰᠣᡥᠣᠨ ᡳ ᠮᠠᠨᠠᡥᠠ ᠰᡠᠯᠠ ᡳᠨᡝᠩᡤᡳ ᡶᠠᡳᡨᠠᡥᠠ ᠮᡝᠩᡤᡠᠨ,osohon i manaha sula inenggi faitaha menggun,建旷银，指小建银和截旷银。,6,172,172b
ᠣᠰᠣᡥᠣᡴᠣᠨ,osohokon,〔形〕略小的。,6,172,172b
ᠣᠰᡥᠣᠨ,oshon,〔形〕①小的： biya oshon 月小。②残酷的，暴虐的，凶残的。,6,172,172b
ᠣᠰᡥᠣᠨ ᠨᡳᠩᡤᡝ ᠪᡝ ᠣᠨᠴᠣ ᡳ ᡥᠠᠯᠠᠮᠪᡳ,oshon ningge be onco i halambi,代虐以宽。,6,172,172b
ᠣᠰᡥᠣᠨ ᠨᡳᠮᡝᠴᡠᡴᡝ,oshon nimecuke,残酷。,6,172,172b
ᠣᠰᡥᠣᠨ ᠪᡝ ᠰᡝᠯᡤᡳᠶᡝᠮᡝ ᡧᡠᠮᡳᠨ ᡤᠣᡵᠣ ᡩᡝ ᡳᠰᡳᠪᡠᠮᠪᡳ,oshon be selgiyeme Sumin goro de isibumbi,流毒深远。,6,172,172c
ᠣᠰᡥᠣᠨ ᠪᡝ ᠶᠠᠪᡠᡥᠠ ᠨᡳᠶᠠᠯᠮᠠ,oshon be yabuha niyalma,凶犯。,6,172,172c
ᠣᠰᡥᠣᠨ ᠪᡝ ᡝᡨᡝᡶᡳ ᠸᠠᡵᠠ ᠪᡝ ᠨᠠᡴᠠᠮᠪᡳ,oshon be etefi wara be nakambi,胜残止杀。,6,172,172c
ᠣᠰᡥᠣᠨ ᠪᡝ ᡤᡝᡨᡝᡵᡝᠮᠪᡠᠮᡝ ᡩᠣᡴᠰᡳᠨ ᠪᡝ ᡩᠠᡳᠯᠠᠮᠪᡳ,oshon be geterembume doksin be dailambi,取代伐暴。,6,172,172c
ᠣᠰᡥᠣᠨ ᡝᡵᡠᠨ,oshon erun,酷刑。,6,172,172b
ᠣᠰᡥᠣᠨ ᡥᠠᡥᡳ ᠴᡳᡵᠠ ᡶᡝᡨᡝᡵᡝᡴᡠ,oshon hahi cira fetereku,刻急严苛。,6,172,172b
ᠣᠰᡥᠣᠨ ᡥᠠᡶᠠᠨ,oshon hafan,酷吏。,6,172,172c
ᠣᠰᡥᠣᠨ ᡩᠠᠰᠠᠨ,oshon dasan,苛政。,6,172,172c
ᠣᠰᡥᠣᠨ ᡩᠠᠰᠠᠨ ᡨᠠᠰᡥᠠ ᠴᡳ ᠨᡳᠮᡝᠴᡠᡴᡝ,oshon dasan tasha ci nimecuke,苛政猛于虎。,6,172,172c
ᠣᠰᡥᠣᠨ ᡩᡝ ᡥᠣᡵᠣᠨ ᡳ ᡴᠠᡵᡠᠯᠠᠮᠪᡳ,oshon de horon i karulambi,报虐以威。,6,172,172c
ᠣᠰᡥᠣᠨ ᡩᡠᠯᡳᠨ ᠰᠠᠮᠰᡳᠮᡝ ᡶᠠᡴᠴᠠᡥᠠ,oshon dulin samsime fakcaha,小半溃散。,6,172,172c
ᠣᠰᡥᠣᠨ ᡴᡳᡵᡳᠪᠠ,oshon kiriba,残忍。,6,172,172c
ᠣᠰᡥᠣᠨ ᡶᠠᡶᡠᠨ ᠪᡝ ᡤᡝᡨᡝᡵᡝᠮᠪᡠᠮᡝ ᠨᠠᡴᠠᠪᡠᠮᠪᡳ,oshon fafun be geterembume nakabumbi,除去苛法。,6,172,172c
ᠣᠰᡥᠣᠨ ᡶᡝᡨᡝᡵᡝᡴᡠ,oshon fetereku,苛刻。,6,172,172c
ᠣᠰᡥᠣᡩᠣᠮᠪᡳ,oshodombi,〔及〕暴虐，逞凶： irgese be oshodombi 虐其民。,6,172,172c
ᠣᠰᡥᠣᡩᠣᠮᡝ ᠵᠣᠪᠣᠪᡠᠮᠪᡳ,oshodome jobobumbi,茶毒。,6,172,172c
ᠣᠰᡥᠣᡩᠣᠮᡝ ᠸᠠᠮᠪᡳ,oshodome wambi,惨杀。,6,173,173a
ᠣᠰᡥᠣᡩᠣᠮᡝ ᡤᡝᠵᡠᡵᡝᠮᡝ ᠵᡝᠨᡩᡝᡵᠠᡴᡡ,oshodome gejureme jenderak@,不忍虐害。,6,172,172c
ᠣᠰᡥᠣᡩᠣᠮᡝ ᡤᡳᡩᠠᡧᠠᠮᠪᡳ,oshodome gidaSambi,凌虐。,6,173,173a
ᠣᠰᡥᠣᡩᠣᠮᡝ ᡨᠠᠨᡨᠠᠮᠪᡳ,oshodome tantambi,狠殴。,6,172,172c
ᠣᠴᠠ ᠨᡳᠮᠠᡥᠠ,oca nimaha,<动>虫鱼。,6,177,177a
ᠣᠴᠠᠨ,ocan,〔名〕①绊子。②衣缝。,6,177,177a
ᠣᠴᡳ,oci,"是（在语句中起到判断作用）： ere oci mini bithe 这是我的书。〔连〕若，则，如（在语句中起到承上接下作用）： aikabade jug@n i andala aldasilara oci, inu hairkan ak@ semeo 倘或半途而废，不亦惜乎； usin bifi tarirak@ oci, calu cahin untuhun ombi 有田不耕，则仓廪虚。",6,177,177a
ᠣᠴᡳᠪᡝ,ocibe,"〔连〕①虽则，虽然，或者：udu ton tesurak@ ocibe, inu jakanjame icihiyaci ombi 总然不足数，亦可通融办理； jalafun ocibe aldasi ocibe, ya jalgan ton waka 或寿或天，孰非命算。②即使，纵使，就是，尽管，不论，任凭： ai ocibe 无论如何。",6,177,177a
ᠣᠴᡳᡴᠠ,ocika,〔名〕弓罩。,6,177,177a
ᠣᠴᡳᡵ,ocir,〔名〕佛塔，指在泰珠的佛头上穿带子用的珊瑚等物。,6,177,177a
ᠣᠵᠣᠮᠪᡳ,ojombi,〔及〕亲吻，接吻。,6,177,177a
ᠣᠵᠣᠵᠣ,ojojo,= oyoyo,6,177,177a
ᠣᠵᠣᡵᠠᡴᡡ,ojorak@,ombi 的否定式，①不可。②不肯。,6,177,177b
ᠣᠵᠣᡵᠠᡴᡡ ᠣᠴᡳ ᠨᠠᡴᠠᠮᠪᡳ,ojorak@ oci nakambi,不可则停。,6,177,177b
ᠣᠵᠣᡵᠠᡴᡡ ᠰᡝᡵᡝ ᠪᠠ ᠠᡴᡡ,ojorak@ sere ba ak@,未尝不可。,6,177,177b
ᠣᠵᠣᡵᠣ,ojoro,〔形动〕系 ombi 的形态变化之一。,6,177,177b
ᠣᠵᠣᡵᠣ ᠣᠵᠣᡵᠠᡴᡡ ᠪᠠ ᠠᡴᡡ,ojoro ojorak@ ba ak@,无可不可。,6,177,177b
ᠣᠵᠣᡵᠣ ᠣᠵᠣᡵᠠᡴᡡ ᠪᠠᠪᡝ,ojoro ojorak@ babe,是否有当之处，可否之处。,6,177,177b
ᠣᠵᠣᡵᠣ ᠣᠵᠣᡵᠠᡴᡡ ᠪᡝ ᠰᠠᡵᡴᡡ,ojoro ojorak@ be sark@,不知可否。,6,177,177b
ᠣᠵᠣᡵᠣ ᠣᠵᠣᡵᠠᡴᡡ ᠪᡝ ᡶᡠᡥᠠᠯᡳ ᠪᠣᡩᠣᡵᠠᡴᡡ,ojoro ojorak@ be fuhali bodorak@,不计可行与否。,6,177,177b
ᠣᠵᠣᡵᠣ ᠵᠠᡴᠠᡩᡝ,ojoro jakade,因为。,6,177,177b
ᠣᠵᠣᡵᠣᠩᡤᡝ,ojorongge,〔动名〕系 ombi 的形态变化之一，①可者。②可以的，变成的。,6,177,177b
ᠣᠵᠣᡵᠣᠯᠠᠮᡝ,ojorolame,〔副动〕将可以： yebe ojorolame dasame nimembi 病将好又复发。,6,177,177b
ᠣᠵᡳᠨ,ojin,〔名〕捏折女朝褂。,6,177,177a
ᠣᠵᡳᠨ ᡨᡝᠯᡝᡵᡳ,ojin teleri,齐肩长女衣。,6,177,177a
ᠣᠶᠣ,oyo,〔名〕①（毡包的）顶。②顶盖，指帽顶、房盖、屋顶、帐顶、轿顶等。③（帽）面子： boro i oyo 凉帽面子；mahala i oyo 暖帽面子。④<动>蠓虫。〔及〕 oyombi 的命令式。,6,177,177b
ᠣᠶᠣ ᠣᠶᠣ,oyo oyo,唤小狗声。,6,177,177c
ᠣᠶᠣ ᠵᠠᡶᠠᡵᠠ ᠠᠯᡳᡴᡡ,oyo jafara alik@,馔盘。,6,177,177c
ᠣᠶᠣ ᡤᠠᡳᠮᠪᡳ,oyo gaimbi,祭肉敬天，此满族礼，将祭肉贡献之前，先切取少许块抛于房上，或将还愿肉在未煮之前，先切放于祭杆顶端匣子内。,6,177,177c
ᠣᠶᠣᠨ ᡩᡝ ᡳᠰᡳᠨᠠᠮᠪᡳ,oyon de isinambi,穷困至极。,6,177,177c
ᠣᠶᠣᠩᡤᠣ,oyonggo,〔形〕①紧要的，重要的，机要的。②必要的，需要的，急需的。,6,177,177c
ᠣᠶᠣᠩᡤᠣ ᠣᡵᠣᠨ ᡳ ᠵᡝᠣ ᡳ ᠰᠠᡵᠠᠴᡳ ᡩᡝ ᠸᡝᠰᡳᠪᡠᠮᡝ ᠰᡳᠨᡩᠠᠮᠪᡳ,oyonggo oron i jeo i saraci de wesibume sindambi,升补要缺知州。,6,177,177c
ᠣᠶᠣᠩᡤᠣ ᠨᡳᠩᡤᡝ ᠪᡝ ᠨᡝᠨᡩᡝᠨ ᠣᠪᡠᠮᠪᡳ,oyonggo ningge be nenden obumbi,先其所急。,6,177,177c
ᠣᠶᠣᠩᡤᠣ ᠪᠠᠪᡝ ᠰᠣᠨᠵᠣᡶᡳ ᡧᡠᠮᡳᠨ ᠣᠪᡠᠮᡝ ᡩᠠᠰᠠᡨᠠᠮᠪᡳ,oyonggo babe sonjofi Sumin obume dasatambi,择要修浚。,6,178,178a
ᠣᠶᠣᠩᡤᠣ ᠪᠠᡩᡝ ᡴᡳᠮᠴᡳᠮᡝ ᠪᠠᡳᠴᠠᠮᠪᡳ,oyonggo bade kimcime baicambi,剧地稽察。,6,178,178a
ᠣᠶᠣᠩᡤᠣ ᠪᠠᡳᡨᠠ,oyonggo baita,要事，重要事情。,6,177,177c
ᠣᠶᠣᠩᡤᠣ ᠪᠠᡳᡨᠠ ᡤᠣᡳᡩᠠᠮᡝ ᡨᠣᠣᡴᠠᠪᡠᡥᠠ,oyonggo baita goidame tookabuha,要案久悬。,6,177,177c
ᠣᠶᠣᠩᡤᠣ ᠪᠠᡳᡨᠠᠯᠠᡵᠠ ᡩᡝ ᡨᠣᠨ ᡨᡠᠰᠠ ᠠᡵᠠᠮᡝ ᠰᡳᡵᠠᠪᡠᠮᠪᡳ,oyonggo baitalara de ton tusa arame sirabumbi,以济需要。,6,178,178a
ᠣᠶᠣᠩᡤᠣ ᠪᠠ ᡳ ᡤᡳᠶᠠᠮᡠᠨ,oyonggo ba i giyamun,冲驿，指设于重镇或军事要地的驿站。,6,177,177c
ᠣᠶᠣᠩᡤᠣ ᠪᠠ ᡳ ᡳᠩ ᡴᡡᠸᠠᡵᠠᠨ,oyonggo ba i ing k@waran,要地营伍。,6,177,177c
ᠣᠶᠣᠩᡤᠣ ᠪᡝ ᡤᠠᡳᠮᡝ ᠠᡵᠠᡥᠠ ᡥᠠᡶᡠ ᠪᡠᠯᡝᡴᡠ,oyonggo be gaime araha hafu buleku,<书>通鉴纂要。,6,178,178a
ᠣᠶᠣᠩᡤᠣ ᠪᡝ ᡥᠠᡥᡡᡵᠠᠮᡝ,oyonggo be hah@rame,扼要。,6,178,178a
ᠣᠶᠣᠩᡤᠣ ᠵᡝᠴᡝᠨ,oyonggo jecen,= olhocun jecen,6,178,178a
ᠣᠶᠣᠩᡤᠣ ᠶᡝᠪᠴᡠᠩᡤᡝ ᠨᠠᡵᡥᡡᠨ ᠰᠣᠮᡳᠰᡥᡡᠨ,oyonggo yebcungge narh@n somish@n,要妙精微。,6,178,178a
ᠣᠶᠣᠩᡤᠣ ᠸᡝᡳᠯᡝᠩᡤᡝ ᠨᡳᠶᠠᠯᠮᠠ,oyonggo weilengge niyalma,要犯。,6,178,178a
ᠣᠶᠣᠩᡤᠣ ᠸᡝᡳᠯᡝᠩᡤᡝ ᠨᡳᠶᠠᠯᠮᠠᡳ ᠰᡳᡩᡝᠨ ᠵᠠᠪᡠᠨ ᠴᡝᠰᡝ,oyonggo weilengge niyalmai siden jabun cese,要犯证卷。,6,178,178a
ᠣᠶᠣᠩᡤᠣ ᡤᡳᠰᡠᠨ ᠯᠠᡵᡤᡳᠨ ᠠᡴᡡ,oyonggo gisun largin ak@,要言不烦。,6,178,178a
ᠣᠶᠣᠩᡤᠣ ᡥᠠᡴᠰᠠᠨ ᠯᡝᡴᠰᡝᡳ ᡨᡠᠴᡳᠨᠵᡳᡥᡝ,oyonggo haksan leksei tucinjihe,奇险迭出。,6,177,177c
ᠣᠶᠣᠩᡤᠣ ᡧᠣᡧᠣᡥᠣᠨ ᠪᡝ ᡥᠠᡥᡡᡵᠠᠮᡝ ᠵᠠᡶᠠᠮᠪᡳ,oyonggo SoSohon be hah@rame jafambi,扼塞要害。,6,178,178a
ᠣᠶᠣᠩᡤᠣ ᡨᡠᠸᠠᡴᡳᠶᠠᡵᠠ ᠪᠠ,oyonggo tuwakiyara ba,要汛。,6,178,178a
ᠣᠶᠣᠩᡤᠣ ᡨᡠᡧᠠᠨ ᡩᡝ ᠠᡶᠠᡥᠠᠪᡳ,oyonggo tuSan de afahabi,职居紧要。,6,178,178a
ᠣᠶᠣᠩᡤᠣ ᡩᠣᡤᠣᠨ,oyonggo dogon,要津。,6,178,178a
ᠣᠶᠣᠩᡤᠣᠨ,oyonggon,〔名〕要，指事之切要之处。,6,178,178a
ᠣᠶᠣᠩᡤᠣᠩᡤᡝ,oyonggongge,〔形〕①要紧的，重要的。②需要的，急需的。,6,178,178b
ᠣᠶᠣᠮᠪᡠᠮᠪᡳ,oyombumbi,〔及〕①重视，（视为）重要、要紧。②完成一多半，路程走完一多半。,6,178,178b
ᠣᠶᠣᠮᠪᡠᡵᠠᡴᡡ,oyomburak@,即 oyombumbi 的否定式，①不甚重视。②无关紧要，无足轻重，微不足道。,6,178,178b
ᠣᠶᠣᠮᠪᡠᡵᠠᡴᡡ ᠠᠨᡨᠠᡥᠠ,oyomburak@ antaha,俗客。,6,178,178b
ᠣᠶᠣᠮᠪᡠᡵᠠᡴᡡ ᡠᠨᡨᡠᡥᡠᠨ ᠮᡳᠶᠠᠮᡳᡤᠠᠨ,oyomburak@ untuhun miyamigan,区区文具。,6,178,178b
ᠣᠶᠣᠮᠪᡳ,oyombi,〔及〕撅成弯，弯卷，弯折，拳环。,6,178,178b
ᠣᠶᠣᠮᡝ ᠰᠠᡥᠠᠮᠪᡳ,oyome sahambi,砌圈，即砌成弓形门洞、桥洞。,6,178,178b
ᠣᠶᠣᠮᡝ ᡥᠣᡨᠣᠨ,oyome hoton,月城。,6,178,178b
ᠣᠶᠣᠮᡝᠯᡳᠶᠠᠨ,oyomeliyan,〔形〕略撅成弯状。,6,178,178b
ᠣᠶᠣᠶᠣ,oyoyo,〔感〕喔唷唷，即表示讥笑、轻蔑。,6,178,178b
ᠣᠶᠣᡨᠣᠩᡤᠣ ᠮᠠᡥᠠᡨᡠᠨ,oyotonggo mahatun,高山冠，即古冠顶上以铁丝跨织者曰高山冠。,6,178,178b
ᠣᠶᠣᡴᠣᠪᡳ,oyokobi,〔不及〕①很乏了。②（工作、行程等）过半了。,6,178,178b
ᠣᠶᠣᡴᡳ,oyoki,〔形〕还可以的，还好多，比较重要的，过得去的。,6,178,178c
ᠣᡤᠣ,ogo,〔名〕①帽子窝，榫眼，卯眼。②碓窝。,6,169,169a
ᠣᡤᠣᡵ,ogor,= ogo,6,169,169a
ᠣᡥᠠ ᠣᡥᠣ,oha= oho,〔不及〕①②③,6,171,171a
ᠣᡥᠣ,oho,"〔名〕胳肢窝。〔不及〕① ombi 的过去时。②行了，可以了： oho, ume gisurere 行了，别说了。③变成……了，要……了，到……了： juwari oho 到夏天了； sain niyalma oho 变成好人了； fulgiyan oho 变红了； yabume oho 要走了。",6,171,171a
ᠣᡥᠣ ᠮᠠᠶᠠᠨ ᡳ ᠵᠣᠪᠣᠯᠣᠨ,oho mayan i jobolon,肘腋之患。,6,171,171a
ᠣᡥᠣ ᠰᡳᡵᠠᡥᠠ ᠠᡥᡡᠨ ᡩᡝᠣ,oho siraha ah@n deo,重山兄弟，即再醮之妇先后两个夫家所生之子。,6,171,171a
ᠣᡥᠣ ᡧᡠᠮᡳᠨ ᠠᡧᡧᠠᡵᠠᡴᡡ,oho Sumin aSSarak@,（射箭）胳肢窝不甚动。,6,171,171a
ᠣᡥᠣ ᡩᠠ,oho da,袖根。,6,171,171a
ᠣᡥᠣᠩᡤᡝ,ohongge,由 oho 变来，义为所以然者，如此了者，即表示事物或物体发展变化成某种结果。,6,171,171a
ᠣᡥᠣᠯᠵᠣᠨ,oholjon,〔名〕①活扣，活套： oloi futa be oholjon arafi meifen de tabumbi 当将麻绳做成活扣套入颈项； futa be gaifi juwe gargan oholjon araha 取索挽成双股活套。②圈套。,6,171,171b
ᠣᡥᠣᠯᠵᠣᠮᠪᡳ,oholjombi,〔不及〕结活扣。,6,171,171b
ᠣᡥᠣᠯᠵᠣᠮᡝ ᡥᡡᠸᠠᡳᡨᠠᠮᠪᡳ,oholjome h@waitambi,拴活扣。,6,171,171b
ᠣᡥᠣᠯᡳᠶᠣ,oholiyo,〔名、量〕合（一升的十分之一），捧： emu oholiyo bele 一捧米。〔及〕 oholiyombi 的命令式。,6,171,171a
ᠣᡥᠣᠯᡳᠶᠣᠮᠪᡳ,oholiyombi,〔及〕捧，掬： jeku be oholiyombi 握栗。,6,171,171a
ᠣᡥᠣᡨᠣᠨᠣ,ohotono,〔名〕<动>鼹鼠。,6,171,171a
ᠣᡥᠣᡩᡝ,ohode,〔连〕若，设若。,6,171,171a
ᠣᡥᠣᡵᠣᡳ ᡳᠰᡳᡵᡝᡳ,ohoroi isirei,将及。,6,171,171b
ᠣᡥᠣᡵᡧᠣᠮᠪᡳ,ohorSombi,〔不及〕呕，做呕，干呕，恶心。,6,171,171b
ᠣᡧᠣ,oSo,〔名〕（架鹰用的）三指皮手套。,6,173,173a
ᠣᡧᠣᠩᡤᠣ ᡳᠯᡥᠠ,oSonggo ilha,<植>鹰爪花。,6,173,173a
ᠣᡧᠣᡥᠣ,oSoho,〔名〕爪指，爪子。,6,173,173a
ᠣᡧᠣᡥᠣ ᠠᡵᡤᠠᠨ,oSoho argan,爪牙。,6,173,173a
ᠣᡧᠣᡥᠣᠩᡤᠣ,oSohonggo,〔形〕有爪子的。,6,173,173a
ᠣᡧᠣᡥᠣᠯᠣᠮᠪᡳ,oSoholombi,〔及〕（用爪）抓、搔、挠。,6,173,173a
ᠣᡨᠣᠨ,oton,〔名〕（整木）槽盆。,6,173,173a
ᠣᡨᠣᠯᠣ,otolo,〔副动〕迄，至，到……为止，至到……时候，截至……，比及……，大约。,6,173,173a
ᠣᡨᠣᡴ,otok,〔名〕鄂拓克，蒙古语，村落、部落之意： buh@ otok i burut 使鹿部布鲁特。,6,173,173a
ᠣᡨᠣᡴ ᠰᠠᡳᡵᡳ ᠠᠨᡩᠠᠯᠠ ᡴᠠᡵᡠᠨ,otok sairi andala karun,<地>鄂拓克赛哩安达拉卡伦，春添冬撤，东至硕博图四十里，隶察哈尔营领队大臣。,6,173,173a
ᠣᡨᠣᡴᠣᠨ,otokon,〔形〕像盆样的。,6,173,173a
ᠣᡨᠣᡴᠣᠨ ᠠᠯᡳᠨ,otokon alin,<地>浴盆山，详见 pingpi alin。,6,173,173a
ᠣᡨᠣᡵᡳ,otori,〔名〕春蒐，即春日游猎之意。,6,173,173a
ᠣᡨᠣᡵᡳᠯᠠᠮᠪᡳ,otorilambi,〔不及〕春蒐， 又作sonjome abalambi。,6,173,173b
ᠣᡨᡥᠣ,otho,〔名〕（飞禽的）翅尾。,6,173,173b
ᠣᡩᠣ ᠪᡳᡵᠠ,odo bira,<地>倭多河，蒙古语，在黑龙江一带。,6,173,173b
ᠣᡩᠣᠨᡨᡠ ᡴᠠᡳᠯᡠᠨ ᠮᠣᡵᡳᠨ,odontu kailun morin,星文麟，骏马名。,6,173,173b
ᠣᡩᠣᠯᡳ,odoli,〔名〕提嚼，即马辔饰件。,6,173,173b
ᠣᡩᠣᠯᡳ ᡥᡝᠴᡝᠨ,odoli hecen,<地>鄂多理城，清朝先祖所住旧城，至清肇祖原皇帝孟特穆始迁赫图阿拉。,6,173,173b
ᠣᡩᠣᡩᠣᠨ,ododon,〔名〕<地>阿亸回， wenderhen 别名之一。,6,173,173b
ᠣᡩᠣᡵᡨᡠ ᡤᡳᠶᠠᠮᡠᠨ,odortu giyamun,<地>鄂多尔图站，在黑龙江一带。,6,173,173b
ᠣᡩᡝᠨ ᡥᠣᡨᠣᠨ,oden hoton,<地>鄂登城，在黑龙江一带。,6,173,173b
ᠣᡳ,oi,〔感〕①噢（吆喝牲畜声）。②喂（招呼声）。,6,165,165a
ᠣᡳᠪᠣᠮᠪᡳ,oibombi,〔不及〕（老年人）说胡话、说糊涂话： sakdafi oibombi 年老昏愦。,6,165,165b
ᠣᡳᠪᠣᠴᡳ ᠣᠮᠣᠰᡳ ᡩᡝ ᠪᠠᠰᡠᠪᡠᠮᠪᡳ ᠰᠠᡴᡩᠠᠴᡳ ᠰᠠᡵᡤᠠᠨ ᠵᡠᠰᡝ ᡩᡝ ᠪᠠᠰᡠᠪᡠᠮᠪᡳ,oiboci omosi de basubumbi sakdaci sargan juse de basubumbi,昏愦遭孙耻笑，老迈受儿女耻笑（比喻年老后胡涂邋遢，谁也瞧不起）。,6,165,165b
ᠣᡳᠯᠠᡤᠠ ᡴᠠᡵᡠᠨ,oilaga karun,<地>鄂依拉噶卡伦，西至达尔沁图九十五里，卡伦西有鄂依拉噶河，隶喀尔喀赛音诺颜部。,6,165,165c
ᠣᡳᠯᠣ,oilo,〔时位〕上面，浮面，表面。,6,165,165c
ᠣᡳᠯᠣ ᡩᠠᡥᠠᡵᠠ ᡤᠣᠵᡳᠮᡝ ᡝᠩᡤᡳᠴᡳ ᠵᡠᡵᠴᡝᠮᠪᡳ,oilo dahara gojime enggici jurcembi,= oilo ijish@n gojime dorgideri fudasih@n be yabumbi,6,165,165c
ᠣᡳᠯᠣ ᡳᠵᡳᠰᡥᡡᠨ ᡤᠣᠵᡳᠮᡝ ᡩᠣᡵᡤᡳᡩᡝᡵᡳ ᡶᡠᡩᠠᠰᡳᡥᡡᠨ ᠪᡝ ᠶᠠᠪᡠᠮᠪᡳ,oilo ijish@n gojime dorgideri fudasih@n be yabumbi,①阳顺阴违，指表面上装作老实的顺民，而暗地里作违法之事。②阳奉阴违。,6,165,165c
ᠣᡳᠯᠣᠨ,oilon,〔时位〕表面，外面，浮面一层。,6,166,166a
ᠣᡳᠯᠣᠨ ᡳ ᠪᡝᠯᡝ,oilon i bele,气头米，即仓内浮层的米。,6,166,166a
ᠣᡳᠯᠣᡥᠣᠨ,oilohon,〔形〕轻浮的。,6,166,166a
ᠣᡳᠯᠣᡥᠣᠨ ᠨᡝᡴᡝᠯᡳᠶᡝᠨ ᡳ ᠠᡵᠪᡠᠨ,oilohon nekeliyen i arbun,轻薄之态。,6,166,166a
ᠣᡳᠯᠣᡥᠣᠨ ᠪᠠᠯᠠᠮᠠ,oilohon balama,轻狂。,6,166,166a
ᠣᡳᠯᠣᡥᠣᠨ ᠪᠠᠯᠠᠮᠠ ᡨᠣᠣᡴᠠᠨ ᠠᡴᡡ,oilohon balama tookan ak@,疏狂不羁。,6,166,166a
ᠣᡳᠯᠣᡥᠣᠨ ᡥᠠᡨᠠᠨ,oilohon hatan,= oilohon hakcin,6,166,166a
ᠣᡳᠯᠣᡥᠣᠨ ᡥᠠᡨᠠᠨ ᠪᡳᠮᡝ ᠮᡳᠴᡳᡥᡳᠶᠠᠨ ᠪᠠᠯᠠᠮᠠ ᡝᡵᡩᡝᠮᡠ ᡝᠪᡝᡵᡳ ᠨᡳᠩᡤᡝ ᠪᡝ ᠵᡝᡵᡤᡳ ᠸᠠᠰᡳᠮᠪᡠᡶᡳ ᡨᡠᠯᡝᡵᡤᡳ ᡩᡝ ᡶᠣᡵᡤᠣᡧᠣᠮᡝ ᠪᠠᡳᡨᠠᠯᠠᠮᠪᡳ,oilohon hatan bime micihiyan balama erdemu eberi ningge be jergi wasimbufi tulergi de forgoSome baitalambi,浮躁浅露，才力不及者，降级调外用。即清代京察大吉六法考语之一。,6,166,166a
ᠣᡳᠯᠣᡥᠣᠨ ᡥᠠᡨᠠᠨ ᠰᡝᠮᡝ ᠰᡳᠮᠨᡝᡵᡝ ᡴᠣᠣᠯᡳ ᡩᡝ ᡩᠣᠰᡳᠮᠪᡠᡥᠠ,oilohon hatan seme simnere kooli de dosimbuha,入于计典浮躁，即各官大计六法考语之一。,6,166,166a
ᠣᡳᠯᠣᡥᠣᠨ ᡥᠠᡴᠴᡳᠨ,oilohon hakcin,浮躁。,6,166,166a
ᠣᡳᠯᠣᡥᠣᠨ ᡥᠠᡴᠴᡳᠨ ᠮᡳᠴᡳᡥᡳᠶᠠᠨ ᠪᠠᠯᠠᠮᠠ,oilohon hakcin micihiyan balama,浮躁浅露。,6,166,166a
ᠣᡳᠯᠣᡥᠣᠨ ᡩᠠᠪᡩᡠᡵᡳ,oilohon dabduri,浮躁，轻浮。,6,166,166a
ᠣᡳᠯᠣᡥᠣᡩᠣᠮᠪᡳ,oilohodombi,〔不及〕举止轻浮。,6,166,166b
ᠣᡳᠯᠣᡵᡤᡳ,oilorgi,〔时位〕负面，表面，上面，外表。,6,166,166b
ᠣᡳᠯᠣᡵᡤᡳ ᠪᡝ ᠮᡳᠶᠠᠮᡳᠮᡝ ᠶᠠᠩᠰᡝᠯᠠᠮᠪᡳ,oilorgi be miyamime yangselambi,向外粉饰。,6,166,166b
ᠣᡳᠯᠣᡵᡤᡳ ᠮᡳᠶᠠᠮᡳᡤᠠᠨ,oilorgi miyamigan,浮华。,6,166,166b
ᠣᡳᠯᠣᡵᡤᡳ ᠶᠠᠩᠰᡝ ᠪᡝ ᠮᡳᠶᠠᠮᡳᡧᠠᡵᠠᡴᡡ,oilorgi yangse be miyamiSarak@,不修边幅。,6,166,166c
ᠣᡳᠯᠣᡵᡤᡳ ᠶᠠᠩᠰᡝ ᠪᡝ ᡨᡝᡳᠯᡝ ᡴᡳᠴᡝᠮᠪᡳ,oilorgi yangse be teile kicembi,剽掠浮华，唯图浮华。,6,166,166b
ᠣᡳᠯᠣᡵᡤᡳ ᠶᠠᠩᠰᡝ ᠪᡝ ᡩᡝᡵ ᠰᡝᠮᡝ ᠸᡝᠰᡳᡥᡠᠯᡝᠮᠪᡳ,oilorgi yangse be der seme wesihulembi,竟尚纷华。,6,166,166b
ᠣᡳᠯᠣᡵᡤᡳ ᡤᡠᠯᡠ ᠣᡶᡳ ᡝᡨᡝᠩᡤᡳ ᡩᡝ ᡝᡵᡨᡠᠮᠪᡳ,oilorgi gulu ofi etenggi de ertumbi,外健恃强。,6,166,166c
ᠣᡳᠯᠣᡵᡤᡳ ᡩᡝᡴᡩᡝᠨ ᡳ ᡤᡳᠰᡠᠨ,oilorgi dekden i gisun,流言。,6,166,166b
ᠣᡳᠯᠣᡵᡳ,oilori,〔时位〕①浮面上，表面上。②凭空。,6,166,166b
ᠣᡳᠯᠣᡵᡳ ᠨᠠᠮᠪᡠᠮᠪᡳ,oilori nambumbi,凭空被拿。,6,166,166b
ᠣᡳᠯᠣᡵᡳ ᠮᡳᠶᠠᠮᡳᡤᠠᠨ ᡠᡵᠰᡝ,oilori miyamigan urse,好打扮的人。,6,166,166b
ᠣᡳᠯᠣᡵᡳ ᠵᠠᡶᠠᠮᠪᡳ,oilori jafambi,凭空捉拿。,6,166,166b
ᠣᡳᠯᠣᡵᡳ ᡤᠠᠮᠠᠮᡝ ᡴᡳᠮᠴᡳᡵᠠᡴᡡ,oilori gamame kimcirak@,荒唐不检。,6,166,166b
ᠣᡳᠯᠣᡵᡳ ᡩᠠᡥᠠᠴᠠᡵᠠ ᡤᠣᠵᡳᠮᡝ ᡩᠣᡵᡤᡳᡩᡝᡵᡳ ᠵᡠᡵᠴᡝᠮᠪᡳ,oilori dahacara gojime dorgideri jurcembi,= oilo ijish@n gojime dorgideri fudasih@n be yabumbi,6,166,166b
ᠣᡳᠯᠣᡵᡳ ᡩᡝᠯᡝᡵᡳ,oilori deleri,①清薄，浮泛，浮飘。②表面，浮面。,6,166,166b
ᠣᡳᠯᠣᡵᡳ ᡩᡝᠯᡝᡵᡳ ᠪᡝᠶᡝᡳᠩᡤᡝ ᠪᡝ ᠪᠠᡳᡨᠠᠯᠠᠮᠪᡳ,oilori deleri beyeingge be baitalambi,沽名自用。,6,166,166b
ᠣᡳᡤᠣᡵ ᠨᠣᠣᡵ ᡴᠠᡵᡠᠨ,oigor noor karun,= weih@r karun,6,165,165a
ᠣᡳᡥᠣᡵᡳ,oihori,〔形〕轻忽的，疏忽的，怠慢的，草率的。〔副〕何等地，果真，诚然。,6,165,165a
ᠣᡳᡥᠣᡵᡳ ᠰᠠᡳᠨ,oihori sain,多么好。,6,165,165a
ᠣᡳᡥᠣᡵᡳ ᠵᠠ,oihori ja,轻易。,6,165,165a
ᠣᡳᡥᠣᡵᡳᠯᠠᠮᠪᡳ,oihorilambi,〔及〕轻忽，忽视，疏忽，草率从事。,6,165,165a
ᠣᡳᡥᠣᡵᡳᠯᠠᠮᡝ ᠰᡳᡨᠠᠪᡠᠮᠪᡳ,oihorilame sitabumbi,玩误。,6,165,165b
ᠣᡳᡥᠣᡵᡳᠯᠠᠮᡝ ᠰᡳᡨᠠᠪᡠᠴᡳ ᠣᠵᠣᡵᠠᡴᡡ,oihorilame sitabuci ojorak@,毋许迟玩。,6,165,165b
ᠣᡳᡥᠣᡵᡳᠯᠠᠮᡝ ᡥᡝᠣᠯᡝᡩᡝᠮᠪᡳ,oihorilame heoledembi,懈弛，罢玩，玩忽。,6,165,165b
ᠣᡳᡥᠣᡵᡳᠯᠠᠮᡝ ᡥᡝᠣᠯᡝᡩᡝᠮᡝ ᠪᡝᠶᡝᠪᡝ ᠮᡝᡵᡤᡝᠨ ᠠᡵᠠᠮᠪᡳ,oihorilame heoledeme beyebe mergen arambi,侮慢自贤。,6,165,165b
ᠣᡳᡥᠣᡵᡳᠯᠠᠮᡝ ᡥᡝᠣᠯᡝᡩᡝᠮᡝ ᠰᡳᡵᡴᡝᡩᡝᠮᡝ ᡨᠠᠴᡳᡥᠠ,oihorilame heoledeme sirkedeme taciha,罢玩成才。,6,165,165b
ᠣᡳᡥᠣᡵᡳᠯᠠᠮᡝ ᡥᡝᠣᠯᡝᡩᡝᠮᡝ ᡶᠠᡴᠰᡳ ᡤᠠᡳᠮᡝ ᠶᠠᠪᡠᠮᠪᡳ,oihorilame heoledeme faksi gaime yabumbi,怠玩取巧。,6,165,165b
ᠣᡳᡥᠣᡵᡳᠯᠠᠮᡝ ᡥᡝᠣᠯᡝᡩᡝᡥᡝ ᠸᡝᡳᠯᡝ,oihorilame heoledehe weile,疏忽之咎。,6,165,165b
ᠣᡳᡥᠣᡵᡳᠯᠠᠮᡝ ᡨᡠᠸᠠᠮᠪᡳ,oihorilame tuwambi,轻疏，忽视。,6,165,165b
ᠣᡳᡥᠣᡵᡳᠯᠠᠮᡝ ᡨᡠᡵᡳᠪᡠᠮᠪᡳ,oihorilame turibumbi,疏失，疏纵。,6,165,165b
ᠣᡳᡥᠣᡵᡳᠯᠠᠴᡳ ᠣᠵᠣᡵᠠᡴᡡ,oihorilaci ojorak@,不可忽略。,6,165,165b
ᠣᡳᡥᠣᡵᡳᠯᠠᡶᡳ ᡠᡴᠠᠮᠪᡠᡥᠠ,oihorilafi ukambuha,疏脱。,6,165,165b
ᠣᡳᡨᠣᠪᡠᠮᠪᡳ,oitobumbi,〔不及〕困穷，窘迫，焦虑，焦急，急迫： irgen i oitobuha be aitubumbi 以救民困； banjire werengge ele banjici ele oitobumbi 家计越过越穷。,6,165,165c
ᠣᡳᡨᠣᠪᡠᠮᡝ ᠮᠣᡥᠣᠮᠪᡳ,oitobume mohombi,困穷。,6,165,165c
ᠣᡳᡨᠣᠪᡠᠮᡝ ᠶᡠᠶᡠᠮᠪᡳ,oitobume yuyumbi,困饿，饥困。,6,165,165c
ᠣᡳᡨᠣᠪᡠᠮᡝ ᡤᠠᠴᡳᠯᠠᠪᡠᠮᠪᡳ,oitobume gacilabumbi,竭蹶。,6,165,165c
ᠣᡳᡨᠣᠪᡠᠮᡝ ᡥᠠᠩᡤᠠᠪᡠᠮᠪᡳ,oitobume hanggabumbi,困厄。,6,165,165c
ᠣᡳᡨᠣᠪᡠᠮᡝ ᡥᠠᡶᡳᡵᠠᠪᡠᠮᠪᡳ,oitobume hafirabumbi,窘促。,6,165,165c
ᠣᡳᡴᡝᠨ ᡳᠯᡥᠠ,oiken ilha,<植>复杯花。,6,166,166c
ᠣᡳᡶᠣ,oifo,〔形〕虚飘的，轻浮的： oifo jaka 轻浮的东西。,6,166,166c
ᠣᡴ,ok,〔象〕①干呕声。②猛精声。,6,169,169a
ᠣᡴᠰᠣᠨ,okson,〔名〕①步，步子，不乏。②步法，步调，步骤。〔量〕步：juwan okson goro 十步远。,6,169,169b
ᠣᡴᠰᠣᠨ ᠨᡝᡳᡤᡝᠨ,okson neigen,行步齐整，步伐均匀。,6,169,169b
ᠣᡴᠰᠣᠨ ᠰᠠᡳᠨ,okson sain,（牲口）脚步好。,6,169,169b
ᠣᡴᠰᠣᠨ ᡶᡠᠯᡳᠪᡠᡵᠠᡴᡡ,okson fuliburak@,步履失错。,6,169,169b
ᠣᡴᠰᠣᠨᠵᠣᠮᠪᡳ,oksonjombi,〔不及〕（小孩）学迈步。,6,169,169b
ᠣᡴᠰᠣᠨ ᡳ ᡳᠴᡳ ᠶᠠᠪᡠᠮᠪᡳ,okson i ici yabumbi,信步而行。,6,169,169b
ᠣᡴᠰᠣᠮᠪᡳ,oksombi,〔不及〕①迈，跨，迈步，跨步。②步行，走。③用步两，步测。,6,169,169b
ᠣᡴᠰᠣᠮᡝ ᠶᠠᠪᡠᡵᡝᠩᡤᡝ ᠯᠠᠯᡳ,oksome yaburengge lali,步履强健。,6,169,169b
ᠣᡴᠰᠣᠮᡝ ᡶᡝᠯᡳᠶᡝᠮᡝ ᠶᠠᠪᡠᠮᠪᡳ,oksome feliyeme yabumbi,步行走。,6,169,169b
ᠣᡴᠰᠣᠯᠣᠮᠪᡳ,oksolombi,〔不及〕蹲，慢步，迈步。,6,169,169b
ᠣᡴᠰᠣᡵᠣᠩᡤᡝ ᡩᡝᠨ ᠮᡠᠵᡳᠯᡝᠨ ᡩᡝ ᡝᡴᡨᡝᡵᡧᠠᠮᠪᡳ,oksorongge den mujilen de ekterSambi,足高志扬，趾高气扬。,6,169,169b
ᠣᡴᠰᡳᠪᡠᠮᠪᡳ,oksibumbi,〔及〕①（刀箭）脱出、脱开。② oksimbi 的使动态。,6,169,169a
ᠣᡴᠰᡳᠮᠪᡳ,oksimbi,〔不及〕吐，呕，哕： dalh@n cifenggu oksimbi 吐痰，ilenggu oksimbi 吐舌。,6,169,169b
ᠣᡴᠴᡳᠨ,okcin,〔名〕盖子，盖儿。,6,170,170c
ᠣᡴᠴᡳᠩᡤᠠ,okcingga,〔形〕带盖儿的。,6,170,170c
ᠣᡴᠴᡳᠩᡤᠠ ᠮᠣᡵᠣ,okcingga moro,盖碗。,6,170,170c
ᠣᡴᠴᡳᠯᠠᠮᠪᡳ,okcilambi,〔及〕盖盖子。,6,170,170c
ᠣᡴᠵᠣᠰᠯᠠᠮᠪᡳ,okjoslambi,〔及〕冒失： baita be okjoslame icihiyahangge inu acahak@bi 冒然处事，亦为不该。,6,170,170c
ᠣᡴᠵᠣᠰᠯᠠᠮᡝ ᡩᠣᠰᡳᡶᡳ ᡤᡠᠩᡤᡝ ᠪᡝ ᡴᡳᠴᡝᠮᠪᡳ,okjoslame dosifi gungge be kicembi,冒进图功。,6,170,170c
ᠣᡴᠵᡳᡥᠠ,okjiha,〔名〕<植>菖蒲： okjihai sekdefun de tembi 坐于蒲团之上。,6,170,170c
ᠣᡴᠵᡳᡥᠠ ᠮᡠᡥᡝᡵᡝᠨ ᡳ ᠨᡝᠴᡳᠨ ᠰᡝᠵᡝᠨ,okjiha muheren i necin sejen,安车蒲轮。,6,170,170c
ᠣᡴᠵᡳᡥᠠ ᠰᡝᡴᡨᡝᡶᡠᠨ,okjiha sektefun,蒲团，铺垫。,6,170,170c
ᠣᡴᠵᡳᡥᠠ ᡠᠯᡥᡡ,okjiha ulh@,<植>蒲芦。,6,170,170c
ᠣᡴᠵᡳᡥᠠ ᡠᡥᡠᡵᡳ,okjiha uhuri,蒲包。,6,170,170c
ᠣᡴᠵᡳᡥᠠ ᡧᡠᠰᡳᡥᠠ ᡳ ᡧᡠᠰᡳᡥᠠᠯᠠᠮᡝ ᡤᡳᡵᡠᡵᡝ ᠪᡝ ᡨᡠᠸᠠᠪᡠᠮᠪᡳ,okjiha Susiha i Susihalame girure be tuwabumbi,蒲鞭示辱。,6,170,170c
ᠣᡴᠵᡳᡥᠠᡩᠠ,okjihada,〔名〕<植>苍术，即菖蒲之根。,6,170,170c
ᠣᡴᡝ,oke,〔名〕婶母，又作 uhume。,6,178,178c
ᠣᡴᡝᠨ ᠪᡳᡵᠠ,oken bira,<地>鄂垦河，索伦名，又作鄂钦河，在黑龙江一带。,6,178,178c
ᠣᡴᡨᠠᠯᠠᠮᠪᡳ,oktalambi,〔及〕劓，古代五刑之一。,6,169,169b
ᠣᡴᡨᠠᠯᠠᡵᠠ ᡧᠠᡴᡨᠠᠯᠠᡵᠠ,oktalara Saktalara,劓鼻削耳。,6,169,169c
ᠣᡴᡨᠣ,okto,〔名〕①药，药剂，药物，药品。②火药，炸药。,6,169,169c
ᠣᡴᡨᠣ ᠠᠴᠠᠪᡠᠮᠪᡳ,okto acabumbi,配药。,6,169,169c
ᠣᡴᡨᠣ ᠣᠮᡳᠮᡝ ᡩᠠᠰᠠᠮᠪᡳ,okto omime dasambi,服药调理。,6,169,169c
ᠣᡴᡨᠣ ᠣᠮᡳᠴᡳᠪᡝ ᡨᡠᠰᠠ ᠠᡴᡡ,okto omicibe tusa ak@,医药罔效。,6,169,169c
ᠣᡴᡨᠣ ᠣᡵᡥᠣ,okto orho,草药。,6,169,169c
ᠣᡴᡨᠣ ᠨᠠᠮᠠᠨ ᡳ ᡤᡝᠰᡝ ᡤᡳᠰᡠᠨ,okto naman i gese gisun,药石之言。,6,169,169c
ᠣᡴᡨᠣ ᠨᡳᡵᡠ,okto niru,药箭。,6,170,170a
ᠣᡴᡨᠣ ᡝᡶᡝᠨ ᡠᠯᡝᠪᡠᡶᡳ ᡥᡡᠯᡳᠮᠪᡠᠮᠪᡳ,okto efen ulebufi h@limbumbi,以药饼迷人，指拐骗人者用药饼迷惑人后带走。,6,169,169c
ᠣᡴᡨᠣ ᡥᠣᠣᡧᠠᠨ ᡳ ᠵᡝᡵᡤᡳ ᡥᠠᠴᡳᠨ ᡳ ᠨᠠᠮᡠᠨ,okto hooSan i jergi hacin i namun,颜料纸张等项库。,6,170,170a
ᠣᡴᡨᠣᠩᡤᠣ,oktonggo,〔形〕有药的，有药物的。,6,170,170a
ᠣᡴᡨᠣᠯᠣᠮᠪᡳ,oktolombi,〔及〕用药，服毒，下毒药。,6,170,170b
ᠣᡴᡨᠣᠯᠣᠮᡝ ᠸᠠᠮᠪᡳ,oktolome wambi,毒死。,6,170,170b
ᠣᡴᡨᠣᠰᡳ,oktosi,〔名〕医生，医师，大夫。,6,170,170a
ᠣᡴᡨᠣᠰᡳ ᠪᡝ ᡴᠠᡩᠠᠯᠠᡵᠠ ᠶᠠᠮᡠᠨ,oktosi be kadalara yamun,<衙>态医院，顺治元年沿明制设立，掌官挺内外之医疗事务。,6,170,170a
ᠣᡴᡨᠣᠰᡳ ᠪᡝ ᡴᠠᡩᠠᠯᠠᡵᠠ ᠶᠠᠮᡠᠨ ᡳ ᠠᠯᡳᡥᠠ ᡥᠠᡶᠠᠨ,oktosi be kadalara yamun i aliha hafan,<官>太医院院使。,6,170,170a
ᠣᡴᡨᠣᠰᡳ ᠪᡝ ᡴᠠᡩᠠᠯᠠᡵᠠ ᠶᠠᠮᡠᠨ ᡳ ᡳᠯᡥᡳ ᡥᠠᡶᠠᠨ,oktosi be kadalara yamun i ilhi hafan,<官>太医院院判。,6,170,170a
ᠣᡴᡨᠣᠰᡳ ᡥᠠᠨ ᠣᡴᡨᠣᠰᡳ ᠪᠠᡴᠰᡳ ᠪᡝ ᡨᡠᠸᠠᡥᠠ ᠨᠣᠮᡠᠨ,oktosi han oktosi baksi be tuwaha nomun,<书>观药王药上经。,6,170,170a
ᠣᡴᡨᠣᠰᡳᠯᠠᠮᠪᡳ,oktosilambi,〔及〕①医治，治疗。②行医。,6,170,170a
ᠣᡴᡨᠣᠰᡳᠯᠠᠮᡝ ᡩᠠᠰᠠᠮᡝ ᡠᠯᡥᡳᠶᡝᠨ ᡳ ᠶᡝᠪᡝ ᠣᡥᠣ,oktosilame dasame ulhiyen i yebe oho,疗治渐痊。,6,170,170a
ᠣᡴᡨᠣᠰᡳᠯᠠᠮᡝ ᡩᠠᠰᠠᠴᡳᠪᡝ ᠶᡝᠪᡝ ᠣᡥᠠᡴᡡ,oktosilame dasacibe yebe ohak@,医治不痊。,6,170,170a
ᠣᡴᡨᠣᠰᡳᠯᠠᠮᡝ ᡩᠠᠰᠠᡵᠠ ᠪᡝ ᠵᠠᡳᠯᠠᠮᠪᡳ,oktosilame dasara be jailambi,忌医。,6,170,170a
ᠣᡴᡨᠣᠰᡳ ᡳ ᡝᡵᡩᡝᠮᡠ,oktosi i erdemu,医德。,6,170,170a
ᠣᡴᡨᠣᠰᡳ ᡳ ᡨᠠᠴᡳᠨ,oktosi i tacin,医明，医学。,6,170,170a
ᠣᡴᡨᠣᡳ ᠰᡝᡴᡳᠶᡝᠨ ᠪᡝ ᡤᡝᡨᡠᡴᡝᠯᡝᠮᡝ ᡨᡠᠴᡳᠪᡠᡥᡝ ᠪᡳᡨᡥᡝ,oktoi sekiyen be getukeleme tucibuhe bithe,<书>本草发明。,6,169,169c
ᠣᡴᡨᠣᡳ ᠰᡝᡴᡳᠶᡝᠨ ᡳ ᠠᠴᠠᠨᠠᡥᠠ ᡩᠠᠰᠠᡵᡤᠠᠨ,oktoi sekiyen i acanaha dasargan,<书>本草验方。,6,169,169c
ᠣᡴᡨᠣᡳ ᠰᡝᡴᡳᠶᡝᠨ ᡳ ᡤᡝᠪᡠ ᠰᡠᡥᡝᠨ,oktoi sekiyen i gebu suhen,<书>本草释名。,6,169,169c
ᠣᡴᡨᠣᡳ ᡧᡠᡤᡳ,oktoi Sugi,膏子药。,6,169,169c
ᠣᡴᡨᠣᡳ ᡩᠠᠰᠠᡵᡤᠠᠨ,oktoi dasargan,药方，又作dasargan。,6,169,169c
ᠣᡴᡨᠣᡵᠣᠨ,oktoron,〔名〕（兔子）踪迹。,6,170,170b
ᠣᡴᡨᠣᡵᠣᡥᠣᠨ,oktorohon,〔形〕饿瘦的，饿过头的。,6,170,170b
ᠣᡴᡨᠣᡵᡤᡡᡳ,oktorg@i,〔名〕宇： ferguwecun gu i oktorg@i de badarafi fuseri gung de ambula wesihun fengSen imiyambi 祥开玉宇，椒宫集多祜之麻。,6,170,170b
ᠣᡴᡨᠣ ᡳ ᠠᡶᠠᡥᠠ,okto i afaha,膏药。,6,169,169c
ᠣᡴᡨᠣ ᡳ ᠪᠣᠣ,okto i boo,药房。,6,169,169c
ᠣᡴᡨᠣ ᡳ ᠰᡝᡴᡳᠶᡝᠨ ᡳ ᠪᡳᡨᡥᡝ,okto i sekiyen i bithe,<书>本草纲目。,6,169,169c
ᠣᡴᡨᠣ ᡳ ᠰᡳᡵᡝᠨ,okto i siren,药信。,6,169,169c
ᠣᡴᡩᠣᠩᡤᠣ ᠪᡳᡵᠠ,okdonggo bira,逆河，见《书经》。,6,170,170b
ᠣᡴᡩᠣᠮᠣ,okdomo,〔名〕马鞍吊带，扯肚。,6,170,170b
ᠣᡴᡩᠣᠮᠪᡳ,okdombi,〔名〕①迎，接，迎接： antaha be okdombi 迎接客人。②应，接应。,6,170,170b
ᠣᡴᡩᠣᠮᡝ ᠠᠯᡳᠶᠠᠮᠪᡳ,okdome aliyambi,迎迓。,6,170,170b
ᠣᡴᡩᠣᠮᡝ ᠠᠴᠠᠨᠠᠮᠪᡳ,okdome acanambi,迎谒。,6,170,170b
ᠣᡴᡩᠣᠮᡝ ᠠᠴᠠᡵᠠᠩᡤᡝ ᡠᠮᡝᠰᡳ ᡤᡠᠩᠨᡝᠴᡠᡴᡝ,okdome acarangge umesi gungnecuke,迎见甚恭。,6,170,170b
ᠣᡴᡩᠣᠮᡝ ᠠᡶᠠᠮᠪᡳ,okdome afambi,迎战。,6,170,170b
ᠣᡴᡩᠣᠮᡝ ᠠᡶᠠᡵᠠ ᠨᠠᠰᡥᡡᠨ ᡤᡳᠶᠠᠨ,okdome afara nash@n giyan,迎击机宜。,6,170,170b
ᠣᡴᡩᠣᠮᡝ ᠨᡳᠶᠠᡴᡡᡵᠠᡶᡳ ᡤᠣᠰᡳᡥᠣᠯᠣᠮᡝ ᠰᠣᠩᡤᠣᠮᠪᡳ︕,okdome niyak@rafi gosiholome songgombi!,迎跪哀啼。,6,170,170b
ᠣᡴᡩᠣᡵᠣ ᡥᠠᡶᠠᠨ,okdoro hafan,<官>摈，古官名。,6,170,170c
ᠣᡴᡩᠣᡵᠣ ᡩᠣᡵᠣᡳ ᠠᡵᠠᠮᠪᡳ,okdoro doroi arambi,接风。,6,170,170c
ᠣᡴᡩᠣᡵᡳ ᡳᠯᡥᠠ,okdori ilha,<植>迎春花。,6,170,170c
ᠣᡴᡳ,oki,即 ombi 的形态变化之一，意为欲，想望，想要，常与 sembi 连用： bi afasi oki sembi 我想成为战士； bayan oki serengge sain baita 要富起来是好事。,6,178,178c
ᠣᡴᡳ ᠶᠣᡵᠣ,oki yoro,大木骲头。,6,178,178c
ᠣᡵ,or,〔象〕①虎猛叫声。②恶心呕吐声。,6,178,178c
ᠣᡵ ᠪᡳᡵᠠ,or bira,<地>鄂里河，蒙古名，在黑龙江一带。,6,178,178c
ᠣᡵ ᡳᡵ,or ir,（众喇嘛、和尚、道士）诵经声。,6,178,178c
ᠣᡵᠠ ᠪᡳᡵᠠ,ora bira,<地>鄂拉河，索伦名，又作乌纳河，在黑龙江一带。,6,178,178c
ᠣᡵᠣᠨ,oron,〔名〕①痕迹，形迹，踪迹，遗迹，轮廊。②位，位置，座位。③（官）缺。④魄：fayangga oron 魂魄，灵魂。⑤（星）辰： usihai oron 星辰，星座。⑥（牲畜的）衣胞。⑦精液。⑧长尾鹿。,6,179,179a
ᠣᡵᠣᠨ ᠠᡴᡡ ᠪᠠᠪᡝ ᠪᡝᠯᡝᠮᡝ ᡨᡠᠴᡳᠪᡠᠮᠪᡳ,oron ak@ babe beleme tucibumbi,飞冤驾害，指凭空捏造事实冤枉陷害他人。,6,179,179a
ᠣᡵᠣᠨ ᠠᡴᡡ ᡤᡳᠰᡠᠨ,oron ak@ gisun,臆说，无稽之谈。,6,179,179a
ᠣᡵᠣᠨ ᠠᡴᡡ ᡤᡳᠰᡠᠨ ᠸᠠᡴᠠ,oron ak@ gisun waka,言非无因。,6,179,179a
ᠣᡵᠣᠨ ᠪᠠᡵᠠᠨ ᠠᡴᡡ,oron baran ak@,①无影无踪。②毫无根据。,6,179,179b
ᠣᡵᠣᠨ ᠪᠣᡩᠣᡵᠠᡴᡡ,oron bodorak@,全然不顾。,6,179,179b
ᠣᡵᠣᠨ ᠪᡝ ᠠᠯᡳᠶᠠᠮᠪᡳ,oron be aliyambi,①候缺，指官员赴各该指定官署候补，等候补授官缺。②候补，凡未补授实缺之官员，依据签定，赴指定官署听候委用，称为喉补。,6,179,179b
ᠣᡵᠣᠨ ᠪᡝ ᠠᠯᡳᠶᠠᡵᠠ ᠪᡳᡨᡥᡝᠰᡳ,oron be aliyara bithesi,<官>候缺笔帖式。,6,179,179b
ᠣᡵᠣᠨ ᠪᡝ ᠠᠯᡳᠶᠠᡵᠠ ᡝᠵᡝᡴᡠ ᡥᠠᡶᠠ︕,oron be aliyara ejeku hafa!,<官>候补主事。,6,179,179b
ᠣᡵᠣᠨ ᠪᡝ ᠠᠯᡳᠶᠠᡵᠠ ᡥᡳᠶᠠᠨ ᡳ ᠰᠠᡵᠠᠴᡳ,oron be aliyara hiyan i saraci,<官>候补知县。,6,179,179b
ᠣᡵᠣᠨ ᠪᡝ ᠠᠯᡳᠶᠠᡵᠠ ᡳᡩᡠᡩᡝ ᠰᡳᠨᡩᠠᠮᡝ ᠪᠠᡳᡨᠠᠯᠠᠮᠪᡳ,oron be aliyara idude sindame baitalambi,候补班内补用。,6,179,179b
ᠣᡵᠣᠨ ᠪᡠᡥᡡ,oron buh@,<动>角鹿。,6,179,179b
ᠣᡵᠣᠨ ᠮᡝᡳᡨᡝᠮᠪᡳ,oron meitembi,截缺，裁缺。,6,179,179c
ᠣᡵᠣᠨ ᠰᠠᡵᡴᡡ,oron sark@,殊不知，根本不知道。,6,179,179b
ᠣᡵᠣᠨ ᡝᠵᡝᠯᡝᠰᡳ,oron ejelesi,缺主，即吏役卖缺者曰缺主，详见《大清律》。,6,179,179a
ᠣᡵᠣᠨ ᡝᡴᡳᠶᡝᠮᠪᡳ,oron ekiyembi,欠缺，减少缺额。,6,179,179a
ᠣᡵᠣᠨ ᡤᡡᠨᡳᠨ ᡩᡝ ᡨᡝᠪᡠᡵᠠᡴᡡ,oron g@nin de teburak@,漠然不以为意。,6,179,179a
ᠣᡵᠣᠨ ᡨᠣᠮᡳᠯᠠᠮᠪᡳ,oron tomilambi,验缺。,6,179,179b
ᠣᡵᠣᠨ ᡨᡠᠴᡳᠪᡠᠮᠪᡳ,oron tucibumbi,开缺。,6,179,179b
ᠣᡵᠣᠨ ᡨᡠᠴᡳᠪᡠᡵᡝᠣ ᠰᡝᠮᡝ ᠪᠠᡳᠮᡝ ᠸᡝᠰᡳᠮᠪᡠᠮᠪᡳ,oron tucibureo seme baime wesimbumbi,奏请开缺。,6,179,179b
ᠣᡵᠣᠨ ᡨᡠᠴᡳᠪᡠᡶᡳ ᡩᠠᠰᠠᠮᡝ ᡠᠵᡳᠪᡠᠮᠪᡳ,oron tucibufi dasame ujibumbi,开缺调理。,6,179,179b
ᠣᡵᠣᠨ ᡨᡠᠴᡳᠮᠪᡳ,oron tucimbi,出缺。,6,179,179b
ᠣᡵᠣᠨ ᡨᡠᠴᡳᡴᡝ ᠪᡝ ᡨᡠᠸᠠᠮᡝ ᡠᡨᡥᠠᡳ ᡩᡝᠪᡠᠮᠪᡳ,oron tucike be tuwame uthai debumbi,遇缺即补。,6,179,179c
ᠣᡵᠣᠨ ᡨᡠᡥᡝᠮᠪᡳ,oron tuhembi,失魄。,6,179,179c
ᠣᡵᠣᠨ ᡩᡝ ᠨᡳᠶᡝᠴᡝᠮᠪᡳ,oron de niyecembi,补缺。,6,179,179c
ᠣᡵᠣᠨ ᡩᡝᠪᡠᡵᡝ ᡳᠨᡝᠩᡤᡳ ᠠᡴᡡ,oron debure inenggi ak@,补缺无期。,6,179,179c
ᠣᡵᠣᠨ ᡶᠠᠶᠠᠩᡤᠠ,oron fayangga,魂魄。,6,179,179c
ᠣᡵᠣᠨ ᡶᡠᠨᡨᡠᡥᡠᠯᡝᠮᠪᡳ,oron funtuhulembi,旷缺。,6,179,179c
ᠣᡵᠣᠨ ᡶᡠᠨᡨᡠᡥᡠᠯᡝᡥᡝ ᠰᡠᠯᠠ ᡳᠨᡝᠩᡤᡳ ᡶᠠᡳᡨᠠᡥᠠ ᡥᠠᠴᡳᠨ ᡳ ᠮᡝᠩᡤᡠᠨ,oron funtuhulehe sula inenggi faitaha hacin i menggun,空旷款银。,6,179,179c
ᠣᡵᠣᠨ ᡶᡠᠨᡨᡠᡥᡠᠯᡝᡶᡳ ᠨᡳᠶᡝᠴᡝᠮᡝ ᠰᡳᠨᡩᠠᡥᠠᡴᡡ,oron funtuhulefi niyeceme sindahak@,悬缺未补。,6,179,179c
ᠣᡵᠣᠨᠴᠣ,oronco,〔名〕鄂伦春，即捕猎 oron buh@ 人，俗称打鹿人。,6,179,179c
ᠣᡵᠣᠨ ᡳ ᡧᡠᠰᡳ,oron i Susi,<官>天文生，钦天监官名。,6,179,179a
ᠣᡵᠣᠨ ᡳ ᡴᡠᠩᡤᡝᡵᡳ,oron i kunggeri,<衙>缺科，隶吏部文选司，承办制监、每月截缺、道府等官开缺等事。,6,179,179a
ᠣᡵᠣᠩᡤᠣ,oronggo,〔名〕<动>扁角羊，即羚羊的一种。,6,179,179c
ᠣᡵᠣᠪᡠᠮᠪᡳ,orobumbi,〔及〕① orombi 的使动态。②做奶饼子。,6,179,179c
ᠣᡵᠣᠮᠪᡳ,orombi,〔不及〕凝结，凝聚，凝成薄皮： juhe orome gecembi 冰冻薄凌，指冻得冰如奶皮子一样薄。,6,180,180a
ᠣᡵᠣᠮᡠ,oromu,〔名〕奶皮子。,6,180,180a
ᠣᡵᠣᠯᠣᠮᠪᡳ,orolombi,〔及〕①代替，代，顶替，顶缺，取代： doksin be diksin i orolombi 以暴易暴。②祭祀时打板人等拉长声呼喊，见《祭祀条列》。,6,180,180a
ᠣᡵᠣᠯᠣᠮᡝ ᠨᡳᠶᡝᠴᡝᠮᠪᡳ,orolome niyecembi,顶补，替补。,6,180,180a
ᠣᡵᠣᠯᠣᠮᡝ ᡝᡥᡝ ᠸᡝᡳᠯᡝᠩᡤᡝ ᠨᡳᠶᠠᠯᠮᠠ ᠠᡵᠠᠮᠪᡳ,orolome ehe weilengge niyalma arambi,顶凶。,6,180,180a
ᠣᡵᠣᠰ,oros,〔名〕俄罗斯。,6,179,179c
ᠣᡵᠣᠰ ᠨᡳᡵᡠ,oros niru,俄罗斯佐领。,6,179,179c
ᠣᡵᠣᠰ ᠪᡳᡨᡥᡝᡳ ᡴᡠᡵᡝᠨ,oros bithei kuren,俄罗斯文馆。,6,179,179c
ᠣᡵᠣᠰ ᡨᠠᠴᡳᡴᡡ,oros tacik@,俄罗斯学。,6,179,179c
ᠣᡵᠣᠰ ᡴᡠᡵᡝᠨ,oros kuren,俄罗斯馆，康熙三十三年建立，初为俄罗斯来京贸易人住宿处所，后为俄国传教士及留学生所住处所。,6,179,179c
ᠣᡵᠣᡧᠠᠨ,oroSan,〔名〕<地>鄂罗善。,6,180,180a
ᠣᡵᠣᡴᠣ ᠨᡳᠣᠸᠠᡵᡳᡴᡡ,oroko niowarik@,锅巴碌。,6,180,180a
ᠣᡵᠮᠣᠯᡴᠣ ᠪᡳᡵᠠ,ormolko bira,<地>鄂罗摩尔库河，索伦名，又作鄂尔摩拉库，在黑龙江一带。,6,181,181a
ᠣᡵᠰᠣᠨ ᠨᡳᠮᡝᠮᠪᡳ,orson nimembi,儿枕疼，又称产后腹疼。,6,180,180c
ᠣᡵᠴᡳᠴᡳ ᠪᡳᡵᠠ,orcici bira,<地>鄂里七河，蒙古名，又作鄂尔七起河，在黑龙江一带。,6,181,181a
ᠣᡵᡤᠣᠵᡠᠯ ᡴᠠᡵᡠᠨ,orgojul karun,<地>鄂尔果珠勒卡伦，夏添冬撤，西南至哈尔奇喇六十里，隶厄鲁特营领队大臣。,6,180,180a
ᠣᡵᡤᡳ,orgi,〔名〕镞刃。,6,181,181b
ᠣᡵᡤᡳᠯᠠᠮᠪᡳ,orgilambi,箭头半边蹭着。,6,181,181b
ᠣᡵᡤᡳᠯᠠᠮᡝ ᡤᠣᡳᠮᠪᡳ,orgilame goimbi,= orgilambi,6,181,181b
ᠣᡵᡥᠣ,orho,〔名〕草。,6,180,180a
ᠣᡵᡥᠣ ᠨᠣᡥᠣ ᠪᠠ ᡳ ᡥᠠᠨᠴᡳ ᡴᡡᠸᠠᡵᠠᠨ ᡳᠯᡳᠮᠪᡳ,orho noho ba i hanci k@waran ilimbi,依草结营。,6,180,180b
ᠣᡵᡥᠣ ᠪᠠᠨᠵᡳᡵᠠᡴᡡ ᠪᠠ,orho banjirak@ ba,不毛之地。,6,180,180b
ᠣᡵᡥᠣ ᠪᠠᠨᠵᡳᡵᠠᡴᡡ ᠪᠠᡩᡝ ᡧᡠᠮᡳᠨ ᡩᠣᠰᡳᠮᠪᡳ,orho banjirak@ bade Sumin dosimbi,深入不毛。,6,180,180b
ᠣᡵᡥᠣ ᠪᡝ ᠠᠯᡳᡥᠠ ᡥᠠᡶᠠᠨ,orho be aliha hafan,<官>司草，古官名。,6,180,180b
ᠣᡵᡥᠣ ᠪᡝ ᠮᠠᠮᡦᡳᡶᡳ ᠮᡠᡥᡝᡵᡝᠨ ᠪᡝ ᠠᡧᡠᠮᠪᡳ,orho be mampifi muheren be aSumbi,结算衔环。,6,180,180b
ᠣᡵᡥᠣ ᠪᡝ ᡤᠠᡳᠪᡠᡵᡝ ᠨᡳᠶᠠᠯᠮᠠ,orho be gaibure niyalma,草人。,6,180,180b
ᠣᡵᡥᠣ ᠪᡝ ᡶᡠᠯᡝᡥᡝ ᠨᡳᠰᡳᡥᠠᡳ ᡳᠰᡳᠮᠪᡳ,orho be fulehe nisihai isimbi,拔茅连茹。,6,180,180b
ᠣᡵᡥᠣ ᠮᠣᠣ ᠯᡝᡵ ᠯᡝᡵ ᠰᡝᠮᠪᡳ,orho moo ler ler sembi,卉木萋萋。,6,180,180c
ᠣᡵᡥᠣ ᠮᠣᠣ ᠯᡠᡴᡠ ᠰᠠᡳᡴᠠᠨ,orho moo luku saikan,草木繁鲜。,6,180,180c
ᠣᡵᡥᠣ ᠮᠣᠣ ᠰᠣᡵᠣᠮᡝ ᠰᡳᡥᠠᡥᠠ,orho moo sorome sihaha,草木零落。,6,180,180c
ᠣᡵᡥᠣ ᠮᠣᠣ ᡶᡠᠯᡥᡠᡵᡝᠮᡝ ᠠᡧᡧᠠᠮᠪᡳ,orho moo fulhureme aSSambi,= orho moo fuseme banjimbi,6,180,180c
ᠣᡵᡥᠣ ᠮᠣᠣ ᡶᡠᠰᡝᠮᡝ ᠪᠠᠨᠵᡳᠮᠪᡳ,orho moo fuseme banjimbi,草木萌动。,6,180,180c
ᠣᡵᡥᠣ ᠮᠣᠣ ᡶᡳᡴ ᠰᡝᠮᡝ ᠪᠠᠨᠵᡳᠮᠪᡳ,orho moo fik seme banjimbi,草木茂盛。,6,180,180c
ᠣᡵᡥᠣ ᠮᠣᠣ ᡳ ᠰᠠᠰᠠ ᠨᡳᠶᠠᠮᠪᡳ,orho moo i sasa niyambi,草木同朽。,6,180,180b
ᠣᡵᡥᠣ ᠮᡠᡴᡝ ᠠᠮᠴᠠᡵᠠᡴᡡ,orho muke amcarak@,（马畜因病）够不着水草。,6,180,180c
ᠣᡵᡥᠣ ᠰᡠᡳᡥᠠ,orho suiha,草芥。,6,180,180b
ᠣᡵᡥᠣ ᠰᡠᡳᡥᠠ ᡳ ᡤᡝᠰᡝ ᠠᠮᠪᠠᠨ,orho suiha i gese amban,草芥（莽）之臣。,6,180,180b
ᠣᡵᡥᠣ ᠰᡠᡳᡥᠠ ᡳ ᡤᡳᠰᡠᠨ,orho suiha i gisun,刍荛之言。,6,180,180b
ᠣᡵᡥᠣ ᠵᠣᡩᠣᠨ,orho jodon,草葛布。,6,180,180c
ᠣᡵᡥᠣ ᡠᠨᡠᡵᡝ ᠵᠣᠪᠣᠴᡠᠨ,orho unure jobocun,负薪之忧。,6,180,180b
ᠣᡵᡥᠣ ᡤᠠᠨᠠᡵᠠ ᠨᡳᠶᠠᠯᠮᠠ ᠪᡳᡨᡥᡝᡳ ᠨᡳᠶᠠᠯᠮᠠ ᠪᡝ ᠪᠠᠰᡠᠮᠪᡳ,orho ganara niyalma bithei niyalma be basumbi,樵夫笑士。,6,180,180b
ᠣᡵᡥᠣ ᡧᠣᡶᠣᡵᠣᡴᡡ,orho Soforok@,撩草，即鹰鹞右翅上重生之二翎。,6,180,180b
ᠣᡵᡥᠣ ᡩᡝ ᡝᠨᡩᡝᠪᡠᠮᠪᡳ,orho de endebumbi,呛草。,6,180,180b
ᠣᡵᡥᠣᠨ,orhon,〔名〕飘翎。,6,180,180c
ᠣᡵᡥᠣᠴᠣ,orhoco,〔形〕（初生婴儿身量）细小的。,6,180,180c
ᠣᡵᡥᠣᡩᠠ,orhoda,〔名〕<植>人参。,6,180,180c
ᠣᡵᡥᠣᡩᠠ ᡤᡠᡵᡠᠮᠪᡳ,orhoda gurumbi,采参。,6,180,180c
ᠣᡵᡥᠣᡩᠠ ᡤᡠᡵᡠᡵᡝ ᡨᡝᠮᡤᡝᡨᡠ ᠪᡳᡨᡥᡝ,orhoda gurure temgetu bithe,参票，即挖参人领此票可挖参。,6,180,180c
ᠣᡵᡥᠣᡩᠠ ᡳᠴᡳᡥᡳᠶᠠᡵᠠ ᡴᡡᠸᠠᡵᠠᠨ,orhoda icihiyara k@waran,<衙>办参局，在盛京、吉林、宁古塔设有此局。,6,180,180c
ᠣᡵᡥᠣᡩᠠ ᡳ ᠰᡳᡵᡝᠨ,orhoda i siren,参藤。,6,180,180c
ᠣᡵᡥᠣᡩᠠ ᡳ ᡶᡠᠯᡠ ᡨᡠᠴᡳᡴᡝ ᡥᠠᠴᡳᠨ ᡳ ᡶᡝᠵᡝᡵᡤᡳ,orhoda i fulu tucike hacin i fejergi,参余项下。,6,180,180c
ᠣᡵᡥᠣ ᡳ ᠵᠠᡴᠠ ᠸᡝᡳᠯᡝᡵᡝ ᡥᠠᡶᠠ︕,orho i jaka weilere hafa!,<官>草工，古官名。,6,180,180a
ᠣᡵᡥᠣ ᡳ ᠵᡳᠵᡳᡵᡳ,orho i jijiri,草席。,6,180,180b
ᠣᡵᡥᠣ ᡳ ᡴᡡᠸᠠᡵᠠᠨ,orho i k@waran,<衙>草厂，属盛京户部。,6,180,180a
ᠣᡵᡧᠣᠨ ᠪᡳᡵᠠᡳ ᡠᠯᠠᠨ ᡤᠠᠩᡤᠠ ᡴᠠᡵᡠᠨ,orSon birai ulan gangga karun,<地>乌尔孙河乌兰昂阿卡伦，又作鄂尔顺河乌兰刚爱、乌兰刚阿卡伦，= ulan angga karun,6,181,181a
ᠣᡵᡩᠣ,ordo,〔名〕亭子。,6,181,181a
ᠣᡵᡩᠣᠰ,ordos,〔名〕鄂尔多斯。,6,181,181a
ᠣᡵᡩᠣᡤᠣ ᡴᠠᡵᡠᠨ,ordogo karun,<地>鄂尔多果卡伦，又作鄂尔多和河，东流入泽勒图勒河，隶喀尔喀赛音诺颜部。,6,181,181a
ᠣᡵᡳ,ori,〔名〕琉璃索珠。,6,178,178c
ᠣᡵᡳᠨ,orin,〔数〕二十。,6,178,178c
ᠣᡵᡳᠨ ᠰᡝ ᠣᠵᠣᡵᠣ ᠣᠩᡤᠣᠯᠣ ᡥᠠᡥᠠᡵᡩᠠᡵᠠ ᡠᠨᡩᡝ,orin se ojoro onggolo hahardara unde,未冠。,6,178,178c
ᠣᡵᡳᠨ ᡩᡝᡵᡳ,orin deri,①下旬。②自二十日起。,6,178,178c
ᠣᡵᡳᠨ ᡩᡠᡳᠨ ᠰᡠᡴᡩᡠᠨ,orin duin sukdun,二十四节气。,6,179,179a
ᠣᡵᡳᠮᠠ,orima,〔名〕<动>鮬[!]鱼。,6,179,179a
ᠣᡵᡳᠮᠪᡳ,orimbi,〔不及〕梦呓，说梦话，说呓语。,6,179,179a
ᠣᡵᡴᠣᠨ,orkon,〔名〕<动>鄂尔坤。,6,180,180a
ᠣᡶᠣᡥᠣ,ofoho,〔名〕犁镜，即犁铧上横放的犁耳。,6,181,181b
ᠣᡶᠣᡵᠣ,oforo,〔名〕鼻子。,6,181,181b
ᠣᡶᠣᡵᠣ ᠠᠴᠠᠪᡠᠮᠪᡳ,oforo acabumbi,传舍挑唆。,6,181,181b
ᠣᡶᠣᡵᠣ ᠨᡳᠶᠠᡴᡳ,oforo niyaki,鼻涕。,6,181,181c
ᠣᡶᠣᡵᠣ ᠮᡠᡩᠠᠨ ᡳ ᡤᠠᡳᠮᡝ ᡤᡳᠰᡠᡵᡝᠮᠪᡳ,oforo mudan i gaime gisurembi,用鼻音说话。,6,181,181c
ᠣᡶᠣᡵᠣ ᡨᡠᡵᠠ,oforo tura,鼻梁。,6,181,181c
ᠣᡶᠣᡵᠣ ᡩᠠᠮᠪᠠᡤᡠ ᡳ ᡴᡠᡴᡠᡵᡳ,oforo dambagu i kukuri,鼻烟壶。,6,181,181c
ᠣᡶᠣᡵᠣ ᡶᠠᡳᡨᠠᡵᠠ ᠸᡝᡳᠯᡝ,oforo faitara weile,劓罪。,6,181,181c
ᠣᡶᠣᡵᠣ ᡶᠠᡳᡨᠠᡵᠠ ᡧᠠᠨ ᡶᠠᡳᡨᠠᡵᠠ,oforo faitara San faitara,劓鼻削耳。,6,181,181c
ᠣᡶᠣᡵᠣ ᡶᡝᡨᡝᡵᡳ ᡶᡝᡨᡝᡵᡳᠯᠠᠮᠪᡳ,oforo feteri feterilambi,听到笑话鼻子亦略动。,6,181,181c
ᠣᡶᠣᡵᠣᠩᡤᠣ,oforonggo,〔形〕爱挑拨离间的，好搬弄是非的。,6,181,181c
ᠣᡶᠣᡵᠣᡩᠣᠮᠪᡳ,oforodombi,〔不及〕学舌，搬弄是非，挑拨离间。,6,181,181c
ᠣᡶᠣᡵᠣ ᡳ ᠰᠠᠩᡤᠠ,oforo i sangga,鼻孔。,6,181,181c
ᠣᡶᠣᡵᠣ ᡳ ᡩᠠᠮᠪᠠᡤᡠ,oforo i dambagu,鼻咽。,6,181,181c
ᠣᡶᠣᡵᠣ ᡳ ᡩᡠᠪᡝ,oforo i dube,鼻尖，又作sunggiha。,6,181,181c
ᠣᡶᡳ,ofi,"〔名〕（打野鸡用的）脚套子。〔连〕①因为，由于： tacire de amuran ofi, bengsen teni geren ci colgorome mutembi 因为好学，本事方能出众； yabun tuwakiyan sain ofi, niyalma teni kunduleme tuwambi 因为品行好，人才敬重。②为，作为，当作，充作，成为。",6,181,181b
ᠣᡶᡳᠣ,ofio,是吗？那样吗？系就清语，ofi biheo 之一。,6,181,181b
